Aardbeving_Plaats|Aardbeving_Datum|Aardbeving_Magnitude|Aardbeving_Diepte_km|Straal_km|Monumentnummer|Monument_Naam|Monument_Type|Functie_Oorspronkelijk|Functie_Huidig|Afstand_tot_epicentrum_km|Impactindicatie|Effectgebied|Versterkingsprogramma|Monumentenregister_URL|Linked_data_URI
Roswinkel|2006-03-25T13:55:51Z|1.7|2|25|510967||onroerend gebouwd|Boerderij||0.3|0.1|binnen indicatief effectgebied|nee|https://monumentenregister.cultureelerfgoed.nl/monumenten/510967|https://linkeddata.cultureelerfgoed.nl/cho-kennis/id/rijksmonument/49403
Roswinkel|2006-03-25T13:55:51Z|1.7|2|25|510966||onroerend gebouwd|Pastorie||0.5|0.1|binnen indicatief effectgebied|nee|https://monumentenregister.cultureelerfgoed.nl/monumenten/510966|https://linkeddata.cultureelerfgoed.nl/cho-kennis/id/rijksmonument/26782
Roswinkel|2006-03-25T13:55:51Z|1.7|2|25|14963||onroerend gebouwd|Kerk||0.6|0.1|binnen indicatief effectgebied|nee|https://monumentenregister.cultureelerfgoed.nl/monumenten/14963|https://linkeddata.cultureelerfgoed.nl/cho-kennis/id/rijksmonument/40429
Roswinkel|2006-03-25T13:55:51Z|1.7|2|25|14960||onroerend gebouwd|Molen||1.8|-0.1|buiten indicatief effectgebied|nee|https://monumentenregister.cultureelerfgoed.nl/monumenten/14960|https://linkeddata.cultureelerfgoed.nl/cho-kennis/id/rijksmonument/55291
Roswinkel|2006-03-25T13:55:51Z|1.7|2|25|510957|H. Willehadus|onroerend gebouwd|Kerk||2.1|-0.1|buiten indicatief effectgebied|nee|https://monumentenregister.cultureelerfgoed.nl/monumenten/510957|https://linkeddata.cultureelerfgoed.nl/cho-kennis/id/rijksmonument/28951
Roswinkel|2006-03-25T13:55:51Z|1.7|2|25|520956||onroerend gebouwd|Sluiswachterswoning|Woonhuis|3.2|-0.3|buiten indicatief effectgebied|nee|https://monumentenregister.cultureelerfgoed.nl/monumenten/520956|https://linkeddata.cultureelerfgoed.nl/cho-kennis/id/rijksmonument/21330
Roswinkel|2006-03-25T13:55:51Z|1.7|2|25|510958||onroerend gebouwd|Smederij||3.3|-0.3|buiten indicatief effectgebied|nee|https://monumentenregister.cultureelerfgoed.nl/monumenten/510958|https://linkeddata.cultureelerfgoed.nl/cho-kennis/id/rijksmonument/17578
Roswinkel|2006-03-25T13:55:51Z|1.7|2|25|37458||onroerend gebouwd|Voorwerk||3.5|-0.4|buiten indicatief effectgebied|nee|https://monumentenregister.cultureelerfgoed.nl/monumenten/37458|https://linkeddata.cultureelerfgoed.nl/cho-kennis/id/rijksmonument/40432
Roswinkel|2006-03-25T13:55:51Z|1.7|2|25|520953|Banketbakkerij Bos|onroerend gebouwd|Winkelwoning||4.7|-0.5|buiten indicatief effectgebied|nee|https://monumentenregister.cultureelerfgoed.nl/monumenten/520953|https://linkeddata.cultureelerfgoed.nl/cho-kennis/id/rijksmonument/11889
Roswinkel|2006-03-25T13:55:51Z|1.7|2|25|520952||onroerend gebouwd|Bankgebouw|Praktijkwoning|4.7|-0.5|buiten indicatief effectgebied|nee|https://monumentenregister.cultureelerfgoed.nl/monumenten/520952|https://linkeddata.cultureelerfgoed.nl/cho-kennis/id/rijksmonument/10181
Roswinkel|2006-03-25T13:55:51Z|1.7|2|25|520951||onroerend gebouwd|Woonhuis|Woonhuis|4.7|-0.5|buiten indicatief effectgebied|nee|https://monumentenregister.cultureelerfgoed.nl/monumenten/520951|https://linkeddata.cultureelerfgoed.nl/cho-kennis/id/rijksmonument/59251
Roswinkel|2006-03-25T13:55:51Z|1.7|2|25|520947|St. Lucia|onroerend gebouwd|Schoolgebouw|Cultureel centrum|4.7|-0.5|buiten indicatief effectgebied|nee|https://monumentenregister.cultureelerfgoed.nl/monumenten/520947|https://linkeddata.cultureelerfgoed.nl/cho-kennis/id/rijksmonument/27050
Roswinkel|2006-03-25T13:55:51Z|1.7|2|25|520950||onroerend gebouwd|Woonhuis|Woonhuis|4.8|-0.5|buiten indicatief effectgebied|nee|https://monumentenregister.cultureelerfgoed.nl/monumenten/520950|https://linkeddata.cultureelerfgoed.nl/cho-kennis/id/rijksmonument/17236
Roswinkel|2006-03-25T13:55:51Z|1.7|2|25|520940||onroerend gebouwd|Woonhuis|Woonhuis|4.8|-0.5|buiten indicatief effectgebied|nee|https://monumentenregister.cultureelerfgoed.nl/monumenten/520940|https://linkeddata.cultureelerfgoed.nl/cho-kennis/id/rijksmonument/76157
Roswinkel|2006-03-25T13:55:51Z|1.7|2|25|520946||onroerend gebouwd|Woonhuis|Woonhuis|4.9|-0.5|buiten indicatief effectgebied|nee|https://monumentenregister.cultureelerfgoed.nl/monumenten/520946|https://linkeddata.cultureelerfgoed.nl/cho-kennis/id/rijksmonument/28398
Roswinkel|2006-03-25T13:55:51Z|1.7|2|25|520955||onroerend gebouwd|Woonhuis|Woonhuis|4.9|-0.5|buiten indicatief effectgebied|nee|https://monumentenregister.cultureelerfgoed.nl/monumenten/520955|https://linkeddata.cultureelerfgoed.nl/cho-kennis/id/rijksmonument/33361
Roswinkel|2006-03-25T13:55:51Z|1.7|2|25|520941||onroerend gebouwd|Garage|Garage|4.9|-0.5|buiten indicatief effectgebied|nee|https://monumentenregister.cultureelerfgoed.nl/monumenten/520941|https://linkeddata.cultureelerfgoed.nl/cho-kennis/id/rijksmonument/76156
Roswinkel|2006-03-25T13:55:51Z|1.7|2|25|520954||onroerend gebouwd|Woonhuis|Praktijkwoning|4.9|-0.5|buiten indicatief effectgebied|nee|https://monumentenregister.cultureelerfgoed.nl/monumenten/520954|https://linkeddata.cultureelerfgoed.nl/cho-kennis/id/rijksmonument/40772
Roswinkel|2006-03-25T13:55:51Z|1.7|2|25|520945||onroerend gebouwd|Schoolgebouw|Schoolgebouw|5.0|-0.6|buiten indicatief effectgebied|nee|https://monumentenregister.cultureelerfgoed.nl/monumenten/520945|https://linkeddata.cultureelerfgoed.nl/cho-kennis/id/rijksmonument/29298
Roswinkel|2006-03-25T13:55:51Z|1.7|2|25|37457||onroerend gebouwd|Klooster, kloosteronderdl||5.1|-0.6|buiten indicatief effectgebied|nee|https://monumentenregister.cultureelerfgoed.nl/monumenten/37457|https://linkeddata.cultureelerfgoed.nl/cho-kennis/id/rijksmonument/39472
Roswinkel|2006-03-25T13:55:51Z|1.7|2|25|37463||onroerend gebouwd|Molen||7.2|-0.8|buiten indicatief effectgebied|nee|https://monumentenregister.cultureelerfgoed.nl/monumenten/37463|https://linkeddata.cultureelerfgoed.nl/cho-kennis/id/rijksmonument/11869
Roswinkel|2006-03-25T13:55:51Z|1.7|2|25|14961|Emmerschans|onroerend gebouwd|Fort, vesting en -onderdelen||7.3|-0.8|buiten indicatief effectgebied|nee|https://monumentenregister.cultureelerfgoed.nl/monumenten/14961|https://linkeddata.cultureelerfgoed.nl/cho-kennis/id/rijksmonument/15763
Roswinkel|2006-03-25T13:55:51Z|1.7|2|25|510961|Veenkerk|onroerend gebouwd|Kerk||7.5|-0.8|buiten indicatief effectgebied|nee|https://monumentenregister.cultureelerfgoed.nl/monumenten/510961|https://linkeddata.cultureelerfgoed.nl/cho-kennis/id/rijksmonument/36661
Roswinkel|2006-03-25T13:55:51Z|1.7|2|25|510995||onroerend gebouwd|Boerderij||7.6|-0.8|buiten indicatief effectgebied|nee|https://monumentenregister.cultureelerfgoed.nl/monumenten/510995|https://linkeddata.cultureelerfgoed.nl/cho-kennis/id/rijksmonument/41134
Roswinkel|2006-03-25T13:55:51Z|1.7|2|25|520949|Ter Haar 5710|onroerend gebouwd|Transformatorgebouw|Transformatorgebouw|7.6|-0.8|buiten indicatief effectgebied|nee|https://monumentenregister.cultureelerfgoed.nl/monumenten/520949|https://linkeddata.cultureelerfgoed.nl/cho-kennis/id/rijksmonument/35185
Roswinkel|2006-03-25T13:55:51Z|1.7|2|25|37453||onroerend gebouwd|Boerderij||7.6|-0.8|buiten indicatief effectgebied|nee|https://monumentenregister.cultureelerfgoed.nl/monumenten/37453|https://linkeddata.cultureelerfgoed.nl/cho-kennis/id/rijksmonument/41682
Roswinkel|2006-03-25T13:55:51Z|1.7|2|25|14964||onroerend gebouwd|Molen||8.3|-0.9|buiten indicatief effectgebied|nee|https://monumentenregister.cultureelerfgoed.nl/monumenten/14964|https://linkeddata.cultureelerfgoed.nl/cho-kennis/id/rijksmonument/52680
Roswinkel|2006-03-25T13:55:51Z|1.7|2|25|510999||onroerend gebouwd|Boerderij||8.6|-0.9|buiten indicatief effectgebied|nee|https://monumentenregister.cultureelerfgoed.nl/monumenten/510999|https://linkeddata.cultureelerfgoed.nl/cho-kennis/id/rijksmonument/29287
Roswinkel|2006-03-25T13:55:51Z|1.7|2|25|510929||onroerend gebouwd|Boerderij||8.7|-0.9|buiten indicatief effectgebied|nee|https://monumentenregister.cultureelerfgoed.nl/monumenten/510929|https://linkeddata.cultureelerfgoed.nl/cho-kennis/id/rijksmonument/74529
Roswinkel|2006-03-25T13:55:51Z|1.7|2|25|510937|Heilige Jozef|onroerend gebouwd|Kerk||8.7|-0.9|buiten indicatief effectgebied|nee|https://monumentenregister.cultureelerfgoed.nl/monumenten/510937|https://linkeddata.cultureelerfgoed.nl/cho-kennis/id/rijksmonument/67252
Roswinkel|2006-03-25T13:55:51Z|1.7|2|25|510930||onroerend gebouwd|Schuur||8.7|-0.9|buiten indicatief effectgebied|nee|https://monumentenregister.cultureelerfgoed.nl/monumenten/510930|https://linkeddata.cultureelerfgoed.nl/cho-kennis/id/rijksmonument/74528
Roswinkel|2006-03-25T13:55:51Z|1.7|2|25|510938||onroerend gebouwd|Pastorie||8.7|-0.9|buiten indicatief effectgebied|nee|https://monumentenregister.cultureelerfgoed.nl/monumenten/510938|https://linkeddata.cultureelerfgoed.nl/cho-kennis/id/rijksmonument/67251
Roswinkel|2006-03-25T13:55:51Z|1.7|2|25|510947||onroerend gebouwd|Kerk||8.7|-0.9|buiten indicatief effectgebied|nee|https://monumentenregister.cultureelerfgoed.nl/monumenten/510947|https://linkeddata.cultureelerfgoed.nl/cho-kennis/id/rijksmonument/21168
Roswinkel|2006-03-25T13:55:51Z|1.7|2|25|510933||onroerend gebouwd|Schuur||8.9|-0.9|buiten indicatief effectgebied|nee|https://monumentenregister.cultureelerfgoed.nl/monumenten/510933|https://linkeddata.cultureelerfgoed.nl/cho-kennis/id/rijksmonument/73388
Roswinkel|2006-03-25T13:55:51Z|1.7|2|25|510997||onroerend gebouwd|Boerderij||8.9|-0.9|buiten indicatief effectgebied|nee|https://monumentenregister.cultureelerfgoed.nl/monumenten/510997|https://linkeddata.cultureelerfgoed.nl/cho-kennis/id/rijksmonument/59914
Roswinkel|2006-03-25T13:55:51Z|1.7|2|25|510935||onroerend gebouwd|Bakhuis||8.9|-0.9|buiten indicatief effectgebied|nee|https://monumentenregister.cultureelerfgoed.nl/monumenten/510935|https://linkeddata.cultureelerfgoed.nl/cho-kennis/id/rijksmonument/73386
Roswinkel|2006-03-25T13:55:51Z|1.7|2|25|510934||onroerend gebouwd|Wagenschuur||8.9|-0.9|buiten indicatief effectgebied|nee|https://monumentenregister.cultureelerfgoed.nl/monumenten/510934|https://linkeddata.cultureelerfgoed.nl/cho-kennis/id/rijksmonument/73387
Roswinkel|2006-03-25T13:55:51Z|1.7|2|25|510932|Dorpsstraat 23|onroerend gebouwd|Boerderij||8.9|-0.9|buiten indicatief effectgebied|nee|https://monumentenregister.cultureelerfgoed.nl/monumenten/510932|https://linkeddata.cultureelerfgoed.nl/cho-kennis/id/rijksmonument/73389
Roswinkel|2006-03-25T13:55:51Z|1.7|2|25|527745||onroerend gebouwd|Winkel||8.9|-0.9|buiten indicatief effectgebied|nee|https://monumentenregister.cultureelerfgoed.nl/monumenten/527745|https://linkeddata.cultureelerfgoed.nl/cho-kennis/id/rijksmonument/18584
Roswinkel|2006-03-25T13:55:51Z|1.7|2|25|510968||onroerend gebouwd|Boerderij||9.0|-0.9|buiten indicatief effectgebied|nee|https://monumentenregister.cultureelerfgoed.nl/monumenten/510968|https://linkeddata.cultureelerfgoed.nl/cho-kennis/id/rijksmonument/53553
Roswinkel|2006-03-25T13:55:51Z|1.7|2|25|14965||onroerend gebouwd|Boerderij||9.1|-0.9|buiten indicatief effectgebied|nee|https://monumentenregister.cultureelerfgoed.nl/monumenten/14965|https://linkeddata.cultureelerfgoed.nl/cho-kennis/id/rijksmonument/44509
Roswinkel|2006-03-25T13:55:51Z|1.7|2|25|37464||onroerend gebouwd|Boerderij||9.4|-1.0|buiten indicatief effectgebied|nee|https://monumentenregister.cultureelerfgoed.nl/monumenten/37464|https://linkeddata.cultureelerfgoed.nl/cho-kennis/id/rijksmonument/37786
Roswinkel|2006-03-25T13:55:51Z|1.7|2|25|510998||onroerend gebouwd|Kerk||9.5|-1.0|buiten indicatief effectgebied|nee|https://monumentenregister.cultureelerfgoed.nl/monumenten/510998|https://linkeddata.cultureelerfgoed.nl/cho-kennis/id/rijksmonument/43205
Roswinkel|2006-03-25T13:55:51Z|1.7|2|25|520937||onroerend gebouwd|Boerderij||10.1|-1.0|buiten indicatief effectgebied|nee|https://monumentenregister.cultureelerfgoed.nl/monumenten/520937|https://linkeddata.cultureelerfgoed.nl/cho-kennis/id/rijksmonument/79986
Roswinkel|2006-03-25T13:55:51Z|1.7|2|25|520938||onroerend gebouwd|Schuur|Schuur|10.1|-1.0|buiten indicatief effectgebied|nee|https://monumentenregister.cultureelerfgoed.nl/monumenten/520938|https://linkeddata.cultureelerfgoed.nl/cho-kennis/id/rijksmonument/79985
Roswinkel|2006-03-25T13:55:51Z|1.7|2|25|510952|Eikenhorst|onroerend gebouwd|Woonhuis||10.5|-1.0|buiten indicatief effectgebied|nee|https://monumentenregister.cultureelerfgoed.nl/monumenten/510952|https://linkeddata.cultureelerfgoed.nl/cho-kennis/id/rijksmonument/36920
Roswinkel|2006-03-25T13:55:51Z|1.7|2|25|38623||onroerend gebouwd|Boerderij||10.7|-1.1|buiten indicatief effectgebied|nee|https://monumentenregister.cultureelerfgoed.nl/monumenten/38623|https://linkeddata.cultureelerfgoed.nl/cho-kennis/id/rijksmonument/15992
Roswinkel|2006-03-25T13:55:51Z|1.7|2|25|510993|Zuiderdiep 190|onroerend gebouwd|Boerderij||11.0|-1.1|buiten indicatief effectgebied|nee|https://monumentenregister.cultureelerfgoed.nl/monumenten/510993|https://linkeddata.cultureelerfgoed.nl/cho-kennis/id/rijksmonument/73593
Roswinkel|2006-03-25T13:55:51Z|1.7|2|25|510994||onroerend gebouwd|Woonhuis||11.0|-1.1|buiten indicatief effectgebied|nee|https://monumentenregister.cultureelerfgoed.nl/monumenten/510994|https://linkeddata.cultureelerfgoed.nl/cho-kennis/id/rijksmonument/73592
Roswinkel|2006-03-25T13:55:51Z|1.7|2|25|37452||onroerend gebouwd|Boerderij||11.1|-1.1|buiten indicatief effectgebied|nee|https://monumentenregister.cultureelerfgoed.nl/monumenten/37452|https://linkeddata.cultureelerfgoed.nl/cho-kennis/id/rijksmonument/56314
Roswinkel|2006-03-25T13:55:51Z|1.7|2|25|510955||onroerend gebouwd|Schoolgebouw||11.1|-1.1|buiten indicatief effectgebied|nee|https://monumentenregister.cultureelerfgoed.nl/monumenten/510955|https://linkeddata.cultureelerfgoed.nl/cho-kennis/id/rijksmonument/50022
Roswinkel|2006-03-25T13:55:51Z|1.7|2|25|516256||onroerend gebouwd|Schoolgebouw|Schoolgebouw|11.2|-1.1|buiten indicatief effectgebied|nee|https://monumentenregister.cultureelerfgoed.nl/monumenten/516256|https://linkeddata.cultureelerfgoed.nl/cho-kennis/id/rijksmonument/37729
Roswinkel|2006-03-25T13:55:51Z|1.7|2|25|510951||onroerend gebouwd|Kerk||11.3|-1.1|buiten indicatief effectgebied|nee|https://monumentenregister.cultureelerfgoed.nl/monumenten/510951|https://linkeddata.cultureelerfgoed.nl/cho-kennis/id/rijksmonument/37768
Roswinkel|2006-03-25T13:55:51Z|1.7|2|25|510948||onroerend gebouwd|Woonhuis||11.3|-1.1|buiten indicatief effectgebied|nee|https://monumentenregister.cultureelerfgoed.nl/monumenten/510948|https://linkeddata.cultureelerfgoed.nl/cho-kennis/id/rijksmonument/12129
Roswinkel|2006-03-25T13:55:51Z|1.7|2|25|14956||onroerend gebouwd|Gerechtsgebouw||11.3|-1.1|buiten indicatief effectgebied|nee|https://monumentenregister.cultureelerfgoed.nl/monumenten/14956|https://linkeddata.cultureelerfgoed.nl/cho-kennis/id/rijksmonument/17077
Roswinkel|2006-03-25T13:55:51Z|1.7|2|25|14959||onroerend gebouwd|Boerderij||11.3|-1.1|buiten indicatief effectgebied|nee|https://monumentenregister.cultureelerfgoed.nl/monumenten/14959|https://linkeddata.cultureelerfgoed.nl/cho-kennis/id/rijksmonument/58549
Roswinkel|2006-03-25T13:55:51Z|1.7|2|25|511000||onroerend gebouwd|Boerderij||11.3|-1.1|buiten indicatief effectgebied|nee|https://monumentenregister.cultureelerfgoed.nl/monumenten/511000|https://linkeddata.cultureelerfgoed.nl/cho-kennis/id/rijksmonument/46518
Roswinkel|2006-03-25T13:55:51Z|1.7|2|25|510949||onroerend gebouwd|Woonhuis||11.3|-1.1|buiten indicatief effectgebied|nee|https://monumentenregister.cultureelerfgoed.nl/monumenten/510949|https://linkeddata.cultureelerfgoed.nl/cho-kennis/id/rijksmonument/39707
Roswinkel|2006-03-25T13:55:51Z|1.7|2|25|516268||onroerend gebouwd|Kerk|Kerk|11.3|-1.1|buiten indicatief effectgebied|nee|https://monumentenregister.cultureelerfgoed.nl/monumenten/516268|https://linkeddata.cultureelerfgoed.nl/cho-kennis/id/rijksmonument/60245
Roswinkel|2006-03-25T13:55:51Z|1.7|2|25|510954||onroerend gebouwd|Kerk||11.4|-1.1|buiten indicatief effectgebied|nee|https://monumentenregister.cultureelerfgoed.nl/monumenten/510954|https://linkeddata.cultureelerfgoed.nl/cho-kennis/id/rijksmonument/20703
Roswinkel|2006-03-25T13:55:51Z|1.7|2|25|14958||onroerend gebouwd|Kerktoren||11.4|-1.1|buiten indicatief effectgebied|nee|https://monumentenregister.cultureelerfgoed.nl/monumenten/14958|https://linkeddata.cultureelerfgoed.nl/cho-kennis/id/rijksmonument/56115
Roswinkel|2006-03-25T13:55:51Z|1.7|2|25|510950||onroerend gebouwd|Synagoge||11.4|-1.1|buiten indicatief effectgebied|nee|https://monumentenregister.cultureelerfgoed.nl/monumenten/510950|https://linkeddata.cultureelerfgoed.nl/cho-kennis/id/rijksmonument/32804
Roswinkel|2006-03-25T13:55:51Z|1.7|2|25|516248|Vijfde Verlaat/Stenenverlaat|onroerend gebouwd|Schutsluis|Schutsluis|11.8|-1.1|buiten indicatief effectgebied|nee|https://monumentenregister.cultureelerfgoed.nl/monumenten/516248|https://linkeddata.cultureelerfgoed.nl/cho-kennis/id/rijksmonument/69730
Roswinkel|2006-03-25T13:55:51Z|1.7|2|25|516252||onroerend gebouwd|Sluiswachterswoning|Woonhuis|11.8|-1.1|buiten indicatief effectgebied|nee|https://monumentenregister.cultureelerfgoed.nl/monumenten/516252|https://linkeddata.cultureelerfgoed.nl/cho-kennis/id/rijksmonument/69726
Roswinkel|2006-03-25T13:55:51Z|1.7|2|25|37451||onroerend gebouwd|Boerderij||11.9|-1.1|buiten indicatief effectgebied|nee|https://monumentenregister.cultureelerfgoed.nl/monumenten/37451|https://linkeddata.cultureelerfgoed.nl/cho-kennis/id/rijksmonument/48163
Roswinkel|2006-03-25T13:55:51Z|1.7|2|25|510953||onroerend gebouwd|Winkel||12.2|-1.2|buiten indicatief effectgebied|nee|https://monumentenregister.cultureelerfgoed.nl/monumenten/510953|https://linkeddata.cultureelerfgoed.nl/cho-kennis/id/rijksmonument/25971
Roswinkel|2006-03-25T13:55:51Z|1.7|2|25|510956||onroerend gebouwd|Boerderij||12.4|-1.2|buiten indicatief effectgebied|nee|https://monumentenregister.cultureelerfgoed.nl/monumenten/510956|https://linkeddata.cultureelerfgoed.nl/cho-kennis/id/rijksmonument/24093
Roswinkel|2006-03-25T13:55:51Z|1.7|2|25|46589||onroerend gebouwd|Boerderij||12.4|-1.2|buiten indicatief effectgebied|nee|https://monumentenregister.cultureelerfgoed.nl/monumenten/46589|https://linkeddata.cultureelerfgoed.nl/cho-kennis/id/rijksmonument/24646
Roswinkel|2006-03-25T13:55:51Z|1.7|2|25|46588||onroerend gebouwd|Boerderij||12.5|-1.2|buiten indicatief effectgebied|nee|https://monumentenregister.cultureelerfgoed.nl/monumenten/46588|https://linkeddata.cultureelerfgoed.nl/cho-kennis/id/rijksmonument/61943
Roswinkel|2006-03-25T13:55:51Z|1.7|2|25|510969||onroerend gebouwd|Grenskantoor||12.5|-1.2|buiten indicatief effectgebied|nee|https://monumentenregister.cultureelerfgoed.nl/monumenten/510969|https://linkeddata.cultureelerfgoed.nl/cho-kennis/id/rijksmonument/29245
Roswinkel|2006-03-25T13:55:51Z|1.7|2|25|510960||onroerend gebouwd|Woonhuis||12.5|-1.2|buiten indicatief effectgebied|nee|https://monumentenregister.cultureelerfgoed.nl/monumenten/510960|https://linkeddata.cultureelerfgoed.nl/cho-kennis/id/rijksmonument/55236
Roswinkel|2006-03-25T13:55:51Z|1.7|2|25|14966||onroerend gebouwd|Boerderij||12.5|-1.2|buiten indicatief effectgebied|nee|https://monumentenregister.cultureelerfgoed.nl/monumenten/14966|https://linkeddata.cultureelerfgoed.nl/cho-kennis/id/rijksmonument/58077
Roswinkel|2006-03-25T13:55:51Z|1.7|2|25|394606||onroerend gebouwd|Straatmeubilair||12.7|-1.2|buiten indicatief effectgebied|nee|https://monumentenregister.cultureelerfgoed.nl/monumenten/394606|https://linkeddata.cultureelerfgoed.nl/cho-kennis/id/rijksmonument/23485
Roswinkel|2006-03-25T13:55:51Z|1.7|2|25|37461||onroerend gebouwd|Boerderij||12.7|-1.2|buiten indicatief effectgebied|nee|https://monumentenregister.cultureelerfgoed.nl/monumenten/37461|https://linkeddata.cultureelerfgoed.nl/cho-kennis/id/rijksmonument/34665
Roswinkel|2006-03-25T13:55:51Z|1.7|2|25|511001||onroerend gebouwd|Boerderij||12.9|-1.2|buiten indicatief effectgebied|nee|https://monumentenregister.cultureelerfgoed.nl/monumenten/511001|https://linkeddata.cultureelerfgoed.nl/cho-kennis/id/rijksmonument/33762
Roswinkel|2006-03-25T13:55:51Z|1.7|2|25|520948|Harma Hoeve|onroerend gebouwd|Boerderij|Boerderij|12.9|-1.2|buiten indicatief effectgebied|nee|https://monumentenregister.cultureelerfgoed.nl/monumenten/520948|https://linkeddata.cultureelerfgoed.nl/cho-kennis/id/rijksmonument/52309
Roswinkel|2006-03-25T13:55:51Z|1.7|2|25|14967||onroerend gebouwd|Boerderij||13.0|-1.2|buiten indicatief effectgebied|nee|https://monumentenregister.cultureelerfgoed.nl/monumenten/14967|https://linkeddata.cultureelerfgoed.nl/cho-kennis/id/rijksmonument/42431
Roswinkel|2006-03-25T13:55:51Z|1.7|2|25|14968|Zeldenrust|onroerend gebouwd|Molen||13.0|-1.2|buiten indicatief effectgebied|nee|https://monumentenregister.cultureelerfgoed.nl/monumenten/14968|https://linkeddata.cultureelerfgoed.nl/cho-kennis/id/rijksmonument/52154
Roswinkel|2006-03-25T13:55:51Z|1.7|2|25|37460||onroerend gebouwd|Boerderij||13.0|-1.2|buiten indicatief effectgebied|nee|https://monumentenregister.cultureelerfgoed.nl/monumenten/37460|https://linkeddata.cultureelerfgoed.nl/cho-kennis/id/rijksmonument/61535
Roswinkel|2006-03-25T13:55:51Z|1.7|2|25|37462||onroerend gebouwd|Boerderij||13.1|-1.2|buiten indicatief effectgebied|nee|https://monumentenregister.cultureelerfgoed.nl/monumenten/37462|https://linkeddata.cultureelerfgoed.nl/cho-kennis/id/rijksmonument/22843
Roswinkel|2006-03-25T13:55:51Z|1.7|2|25|31220||onroerend gebouwd|Sociale zorg, liefdadigheid||13.1|-1.2|buiten indicatief effectgebied|nee|https://monumentenregister.cultureelerfgoed.nl/monumenten/31220|https://linkeddata.cultureelerfgoed.nl/cho-kennis/id/rijksmonument/15690
Roswinkel|2006-03-25T13:55:51Z|1.7|2|25|37454||onroerend gebouwd|Boerderij||13.1|-1.2|buiten indicatief effectgebied|nee|https://monumentenregister.cultureelerfgoed.nl/monumenten/37454|https://linkeddata.cultureelerfgoed.nl/cho-kennis/id/rijksmonument/55774
Roswinkel|2006-03-25T13:55:51Z|1.7|2|25|37459||onroerend gebouwd|Boerderij||13.1|-1.2|buiten indicatief effectgebied|nee|https://monumentenregister.cultureelerfgoed.nl/monumenten/37459|https://linkeddata.cultureelerfgoed.nl/cho-kennis/id/rijksmonument/33069
Roswinkel|2006-03-25T13:55:51Z|1.7|2|25|31222||onroerend gebouwd|Boerderij||13.2|-1.2|buiten indicatief effectgebied|nee|https://monumentenregister.cultureelerfgoed.nl/monumenten/31222|https://linkeddata.cultureelerfgoed.nl/cho-kennis/id/rijksmonument/22598
Roswinkel|2006-03-25T13:55:51Z|1.7|2|25|511961||onroerend gebouwd|Boerderij||13.2|-1.2|buiten indicatief effectgebied|nee|https://monumentenregister.cultureelerfgoed.nl/monumenten/511961|https://linkeddata.cultureelerfgoed.nl/cho-kennis/id/rijksmonument/72078
Roswinkel|2006-03-25T13:55:51Z|1.7|2|25|514839||onroerend gebouwd|Erfinrichting||13.2|-1.2|buiten indicatief effectgebied|nee|https://monumentenregister.cultureelerfgoed.nl/monumenten/514839|https://linkeddata.cultureelerfgoed.nl/cho-kennis/id/rijksmonument/72076
Roswinkel|2006-03-25T13:55:51Z|1.7|2|25|514838||onroerend gebouwd|Schuur||13.2|-1.2|buiten indicatief effectgebied|nee|https://monumentenregister.cultureelerfgoed.nl/monumenten/514838|https://linkeddata.cultureelerfgoed.nl/cho-kennis/id/rijksmonument/72077
Roswinkel|2006-03-25T13:55:51Z|1.7|2|25|31221||onroerend gebouwd|Kerk||13.3|-1.2|buiten indicatief effectgebied|nee|https://monumentenregister.cultureelerfgoed.nl/monumenten/31221|https://linkeddata.cultureelerfgoed.nl/cho-kennis/id/rijksmonument/58084
Roswinkel|2006-03-25T13:55:51Z|1.7|2|25|510996||onroerend gebouwd|Transformatorgebouw||13.3|-1.2|buiten indicatief effectgebied|nee|https://monumentenregister.cultureelerfgoed.nl/monumenten/510996|https://linkeddata.cultureelerfgoed.nl/cho-kennis/id/rijksmonument/22483
Roswinkel|2006-03-25T13:55:51Z|1.7|2|25|31219||onroerend gebouwd|Boerderij||13.4|-1.2|buiten indicatief effectgebied|nee|https://monumentenregister.cultureelerfgoed.nl/monumenten/31219|https://linkeddata.cultureelerfgoed.nl/cho-kennis/id/rijksmonument/50424
Roswinkel|2006-03-25T13:55:51Z|1.7|2|25|37455||onroerend gebouwd|Kerk||14.2|-1.3|buiten indicatief effectgebied|nee|https://monumentenregister.cultureelerfgoed.nl/monumenten/37455|https://linkeddata.cultureelerfgoed.nl/cho-kennis/id/rijksmonument/56197
Roswinkel|2006-03-25T13:55:51Z|1.7|2|25|510944||onroerend gebouwd|Pastorie||14.5|-1.3|buiten indicatief effectgebied|nee|https://monumentenregister.cultureelerfgoed.nl/monumenten/510944|https://linkeddata.cultureelerfgoed.nl/cho-kennis/id/rijksmonument/79761
Roswinkel|2006-03-25T13:55:51Z|1.7|2|25|510943||onroerend gebouwd|Kerk|Kerk|14.5|-1.3|buiten indicatief effectgebied|nee|https://monumentenregister.cultureelerfgoed.nl/monumenten/510943|https://linkeddata.cultureelerfgoed.nl/cho-kennis/id/rijksmonument/79762
Roswinkel|2006-03-25T13:55:51Z|1.7|2|25|511002|Huize Blidenstede|onroerend gebouwd|Woonhuis||14.6|-1.3|buiten indicatief effectgebied|nee|https://monumentenregister.cultureelerfgoed.nl/monumenten/511002|https://linkeddata.cultureelerfgoed.nl/cho-kennis/id/rijksmonument/37169
Roswinkel|2006-03-25T13:55:51Z|1.7|2|25|516247|Vierde Verlaat/Sapsverlaat|onroerend gebouwd|Schutsluis|Schutsluis|14.6|-1.3|buiten indicatief effectgebied|nee|https://monumentenregister.cultureelerfgoed.nl/monumenten/516247|https://linkeddata.cultureelerfgoed.nl/cho-kennis/id/rijksmonument/69731
Roswinkel|2006-03-25T13:55:51Z|1.7|2|25|516267||onroerend gebouwd|Winkelwoning|Woonhuis|14.7|-1.3|buiten indicatief effectgebied|nee|https://monumentenregister.cultureelerfgoed.nl/monumenten/516267|https://linkeddata.cultureelerfgoed.nl/cho-kennis/id/rijksmonument/28430
Roswinkel|2006-03-25T13:55:51Z|1.7|2|25|510959|O.L.V. Onbevlekt Ontvangen|onroerend gebouwd|Kerk||15.0|-1.3|buiten indicatief effectgebied|nee|https://monumentenregister.cultureelerfgoed.nl/monumenten/510959|https://linkeddata.cultureelerfgoed.nl/cho-kennis/id/rijksmonument/33438
Roswinkel|2006-03-25T13:55:51Z|1.7|2|25|468533||onroerend gebouwd|Orgel||15.5|-1.3|buiten indicatief effectgebied|nee|https://monumentenregister.cultureelerfgoed.nl/monumenten/468533|https://linkeddata.cultureelerfgoed.nl/cho-kennis/id/rijksmonument/14200
Roswinkel|2006-03-25T13:55:51Z|1.7|2|25|508376||onroerend gebouwd|Woonhuis||15.5|-1.3|buiten indicatief effectgebied|nee|https://monumentenregister.cultureelerfgoed.nl/monumenten/508376|https://linkeddata.cultureelerfgoed.nl/cho-kennis/id/rijksmonument/25577
Roswinkel|2006-03-25T13:55:51Z|1.7|2|25|526275||onroerend gebouwd|Woonhuis||15.9|-1.3|buiten indicatief effectgebied|nee|https://monumentenregister.cultureelerfgoed.nl/monumenten/526275|https://linkeddata.cultureelerfgoed.nl/cho-kennis/id/rijksmonument/19897
Roswinkel|2006-03-25T13:55:51Z|1.7|2|25|508375||onroerend gebouwd|Boerderij||15.9|-1.3|buiten indicatief effectgebied|nee|https://monumentenregister.cultureelerfgoed.nl/monumenten/508375|https://linkeddata.cultureelerfgoed.nl/cho-kennis/id/rijksmonument/13448
Roswinkel|2006-03-25T13:55:51Z|1.7|2|25|14962||onroerend gebouwd|Molen||16.0|-1.3|buiten indicatief effectgebied|nee|https://monumentenregister.cultureelerfgoed.nl/monumenten/14962|https://linkeddata.cultureelerfgoed.nl/cho-kennis/id/rijksmonument/36806
Roswinkel|2006-03-25T13:55:51Z|1.7|2|25|516233|Ter Marse|onroerend gebouwd|Woonhuis|Museum|16.0|-1.3|buiten indicatief effectgebied|nee|https://monumentenregister.cultureelerfgoed.nl/monumenten/516233|https://linkeddata.cultureelerfgoed.nl/cho-kennis/id/rijksmonument/71461
Roswinkel|2006-03-25T13:55:51Z|1.7|2|25|516234||onroerend gebouwd|Dienstwoning|Woonhuis|16.0|-1.3|buiten indicatief effectgebied|nee|https://monumentenregister.cultureelerfgoed.nl/monumenten/516234|https://linkeddata.cultureelerfgoed.nl/cho-kennis/id/rijksmonument/71460
Roswinkel|2006-03-25T13:55:51Z|1.7|2|25|516263||onroerend gebouwd|Watertoren|Watertoren|16.1|-1.3|buiten indicatief effectgebied|nee|https://monumentenregister.cultureelerfgoed.nl/monumenten/516263|https://linkeddata.cultureelerfgoed.nl/cho-kennis/id/rijksmonument/56415
Roswinkel|2006-03-25T13:55:51Z|1.7|2|25|516264||onroerend gebouwd|Slachthuis|Slachthuis|16.2|-1.3|buiten indicatief effectgebied|nee|https://monumentenregister.cultureelerfgoed.nl/monumenten/516264|https://linkeddata.cultureelerfgoed.nl/cho-kennis/id/rijksmonument/41410
Roswinkel|2006-03-25T13:55:51Z|1.7|2|25|516269|Evangelisatie|onroerend gebouwd|Kerk|Kerk|16.4|-1.4|buiten indicatief effectgebied|nee|https://monumentenregister.cultureelerfgoed.nl/monumenten/516269|https://linkeddata.cultureelerfgoed.nl/cho-kennis/id/rijksmonument/33274
Roswinkel|2006-03-25T13:55:51Z|1.7|2|25|33783||onroerend gebouwd|Molen||16.9|-1.4|buiten indicatief effectgebied|nee|https://monumentenregister.cultureelerfgoed.nl/monumenten/33783|https://linkeddata.cultureelerfgoed.nl/cho-kennis/id/rijksmonument/40318
Roswinkel|2006-03-25T13:55:51Z|1.7|2|25|460739||onroerend gebouwd|Protestantse kerk||16.9|-1.4|buiten indicatief effectgebied|nee|https://monumentenregister.cultureelerfgoed.nl/monumenten/460739|https://linkeddata.cultureelerfgoed.nl/cho-kennis/id/rijksmonument/14147
Roswinkel|2006-03-25T13:55:51Z|1.7|2|25|516222||onroerend gebouwd|Woonhuis|Woonhuis|17.3|-1.4|buiten indicatief effectgebied|nee|https://monumentenregister.cultureelerfgoed.nl/monumenten/516222|https://linkeddata.cultureelerfgoed.nl/cho-kennis/id/rijksmonument/66960
Roswinkel|2006-03-25T13:55:51Z|1.7|2|25|516213||onroerend gebouwd|Woonhuis|Woonhuis|17.3|-1.4|buiten indicatief effectgebied|nee|https://monumentenregister.cultureelerfgoed.nl/monumenten/516213|https://linkeddata.cultureelerfgoed.nl/cho-kennis/id/rijksmonument/66969
Roswinkel|2006-03-25T13:55:51Z|1.7|2|25|516221||onroerend gebouwd|Woonhuis|Woonhuis|17.3|-1.4|buiten indicatief effectgebied|nee|https://monumentenregister.cultureelerfgoed.nl/monumenten/516221|https://linkeddata.cultureelerfgoed.nl/cho-kennis/id/rijksmonument/66961
Roswinkel|2006-03-25T13:55:51Z|1.7|2|25|516212||onroerend gebouwd|Woonhuis|Woonhuis|17.3|-1.4|buiten indicatief effectgebied|nee|https://monumentenregister.cultureelerfgoed.nl/monumenten/516212|https://linkeddata.cultureelerfgoed.nl/cho-kennis/id/rijksmonument/66970
Roswinkel|2006-03-25T13:55:51Z|1.7|2|25|516220||onroerend gebouwd|Woonhuis|Woonhuis|17.3|-1.4|buiten indicatief effectgebied|nee|https://monumentenregister.cultureelerfgoed.nl/monumenten/516220|https://linkeddata.cultureelerfgoed.nl/cho-kennis/id/rijksmonument/66962
Roswinkel|2006-03-25T13:55:51Z|1.7|2|25|516211||onroerend gebouwd|Woonhuis|Woonhuis|17.3|-1.4|buiten indicatief effectgebied|nee|https://monumentenregister.cultureelerfgoed.nl/monumenten/516211|https://linkeddata.cultureelerfgoed.nl/cho-kennis/id/rijksmonument/66971
Roswinkel|2006-03-25T13:55:51Z|1.7|2|25|516219||onroerend gebouwd|Woonhuis|Woonhuis|17.3|-1.4|buiten indicatief effectgebied|nee|https://monumentenregister.cultureelerfgoed.nl/monumenten/516219|https://linkeddata.cultureelerfgoed.nl/cho-kennis/id/rijksmonument/66963
Roswinkel|2006-03-25T13:55:51Z|1.7|2|25|478222||onroerend gebouwd|Gemeentehuis||17.3|-1.4|buiten indicatief effectgebied|nee|https://monumentenregister.cultureelerfgoed.nl/monumenten/478222|https://linkeddata.cultureelerfgoed.nl/cho-kennis/id/rijksmonument/36781
Roswinkel|2006-03-25T13:55:51Z|1.7|2|25|516210||onroerend gebouwd|Woonhuis|Woonhuis|17.3|-1.4|buiten indicatief effectgebied|nee|https://monumentenregister.cultureelerfgoed.nl/monumenten/516210|https://linkeddata.cultureelerfgoed.nl/cho-kennis/id/rijksmonument/66972
Roswinkel|2006-03-25T13:55:51Z|1.7|2|25|516218||onroerend gebouwd|Woonhuis|Woonhuis|17.3|-1.4|buiten indicatief effectgebied|nee|https://monumentenregister.cultureelerfgoed.nl/monumenten/516218|https://linkeddata.cultureelerfgoed.nl/cho-kennis/id/rijksmonument/66964
Roswinkel|2006-03-25T13:55:51Z|1.7|2|25|516209||onroerend gebouwd|Woonhuis|Woonhuis|17.3|-1.4|buiten indicatief effectgebied|nee|https://monumentenregister.cultureelerfgoed.nl/monumenten/516209|https://linkeddata.cultureelerfgoed.nl/cho-kennis/id/rijksmonument/66973
Roswinkel|2006-03-25T13:55:51Z|1.7|2|25|516217||onroerend gebouwd|Woonhuis|Woonhuis|17.4|-1.4|buiten indicatief effectgebied|nee|https://monumentenregister.cultureelerfgoed.nl/monumenten/516217|https://linkeddata.cultureelerfgoed.nl/cho-kennis/id/rijksmonument/66965
Roswinkel|2006-03-25T13:55:51Z|1.7|2|25|516208||onroerend gebouwd|Woonhuis|Woonhuis|17.4|-1.4|buiten indicatief effectgebied|nee|https://monumentenregister.cultureelerfgoed.nl/monumenten/516208|https://linkeddata.cultureelerfgoed.nl/cho-kennis/id/rijksmonument/66974
Roswinkel|2006-03-25T13:55:51Z|1.7|2|25|516216||onroerend gebouwd|Woonhuis|Woonhuis|17.4|-1.4|buiten indicatief effectgebied|nee|https://monumentenregister.cultureelerfgoed.nl/monumenten/516216|https://linkeddata.cultureelerfgoed.nl/cho-kennis/id/rijksmonument/66966
Roswinkel|2006-03-25T13:55:51Z|1.7|2|25|33779||onroerend gebouwd|Kerk||17.4|-1.4|buiten indicatief effectgebied|nee|https://monumentenregister.cultureelerfgoed.nl/monumenten/33779|https://linkeddata.cultureelerfgoed.nl/cho-kennis/id/rijksmonument/27026
Roswinkel|2006-03-25T13:55:51Z|1.7|2|25|516207||onroerend gebouwd|Woonhuis|Woonhuis|17.4|-1.4|buiten indicatief effectgebied|nee|https://monumentenregister.cultureelerfgoed.nl/monumenten/516207|https://linkeddata.cultureelerfgoed.nl/cho-kennis/id/rijksmonument/66975
Roswinkel|2006-03-25T13:55:51Z|1.7|2|25|516215||onroerend gebouwd|Woonhuis|Woonhuis|17.4|-1.4|buiten indicatief effectgebied|nee|https://monumentenregister.cultureelerfgoed.nl/monumenten/516215|https://linkeddata.cultureelerfgoed.nl/cho-kennis/id/rijksmonument/66967
Roswinkel|2006-03-25T13:55:51Z|1.7|2|25|478218||onroerend gebouwd|Werk-woonhuis||17.4|-1.4|buiten indicatief effectgebied|nee|https://monumentenregister.cultureelerfgoed.nl/monumenten/478218|https://linkeddata.cultureelerfgoed.nl/cho-kennis/id/rijksmonument/28882
Roswinkel|2006-03-25T13:55:51Z|1.7|2|25|33780||onroerend gebouwd|Kerktoren||17.4|-1.4|buiten indicatief effectgebied|nee|https://monumentenregister.cultureelerfgoed.nl/monumenten/33780|https://linkeddata.cultureelerfgoed.nl/cho-kennis/id/rijksmonument/45582
Roswinkel|2006-03-25T13:55:51Z|1.7|2|25|516206||onroerend gebouwd|Woonhuis|Woonhuis|17.4|-1.4|buiten indicatief effectgebied|nee|https://monumentenregister.cultureelerfgoed.nl/monumenten/516206|https://linkeddata.cultureelerfgoed.nl/cho-kennis/id/rijksmonument/66976
Roswinkel|2006-03-25T13:55:51Z|1.7|2|25|516214||onroerend gebouwd|Woonhuis|Woonhuis|17.4|-1.4|buiten indicatief effectgebied|nee|https://monumentenregister.cultureelerfgoed.nl/monumenten/516214|https://linkeddata.cultureelerfgoed.nl/cho-kennis/id/rijksmonument/66968
Roswinkel|2006-03-25T13:55:51Z|1.7|2|25|516205||onroerend gebouwd|Woonhuis|Woonhuis|17.4|-1.4|buiten indicatief effectgebied|nee|https://monumentenregister.cultureelerfgoed.nl/monumenten/516205|https://linkeddata.cultureelerfgoed.nl/cho-kennis/id/rijksmonument/66977
Roswinkel|2006-03-25T13:55:51Z|1.7|2|25|510962||onroerend gebouwd|Kerk||17.4|-1.4|buiten indicatief effectgebied|nee|https://monumentenregister.cultureelerfgoed.nl/monumenten/510962|https://linkeddata.cultureelerfgoed.nl/cho-kennis/id/rijksmonument/13944
Roswinkel|2006-03-25T13:55:51Z|1.7|2|25|478221||onroerend gebouwd|Ambtswoning||17.5|-1.4|buiten indicatief effectgebied|nee|https://monumentenregister.cultureelerfgoed.nl/monumenten/478221|https://linkeddata.cultureelerfgoed.nl/cho-kennis/id/rijksmonument/20919
Roswinkel|2006-03-25T13:55:51Z|1.7|2|25|516241||onroerend gebouwd|Plantsoen|Plantsoen|17.5|-1.4|buiten indicatief effectgebied|nee|https://monumentenregister.cultureelerfgoed.nl/monumenten/516241|https://linkeddata.cultureelerfgoed.nl/cho-kennis/id/rijksmonument/67186
Roswinkel|2006-03-25T13:55:51Z|1.7|2|25|516240|'t Hofje|onroerend gebouwd|Bejaardenwoning|Bejaardenwoning|17.5|-1.4|buiten indicatief effectgebied|nee|https://monumentenregister.cultureelerfgoed.nl/monumenten/516240|https://linkeddata.cultureelerfgoed.nl/cho-kennis/id/rijksmonument/67187
Roswinkel|2006-03-25T13:55:51Z|1.7|2|25|478220||onroerend gebouwd|Boerderij||17.5|-1.4|buiten indicatief effectgebied|nee|https://monumentenregister.cultureelerfgoed.nl/monumenten/478220|https://linkeddata.cultureelerfgoed.nl/cho-kennis/id/rijksmonument/15922
Roswinkel|2006-03-25T13:55:51Z|1.7|2|25|516246|Derde Verlaat/Buinerverlaat|onroerend gebouwd|Schutsluis|Schutsluis|17.6|-1.4|buiten indicatief effectgebied|nee|https://monumentenregister.cultureelerfgoed.nl/monumenten/516246|https://linkeddata.cultureelerfgoed.nl/cho-kennis/id/rijksmonument/69732
Roswinkel|2006-03-25T13:55:51Z|1.7|2|25|516258||onroerend gebouwd|Woonhuis|Woonhuis|17.6|-1.4|buiten indicatief effectgebied|nee|https://monumentenregister.cultureelerfgoed.nl/monumenten/516258|https://linkeddata.cultureelerfgoed.nl/cho-kennis/id/rijksmonument/14076
Roswinkel|2006-03-25T13:55:51Z|1.7|2|25|46894||onroerend gebouwd|Boerderij||17.6|-1.4|buiten indicatief effectgebied|nee|https://monumentenregister.cultureelerfgoed.nl/monumenten/46894|https://linkeddata.cultureelerfgoed.nl/cho-kennis/id/rijksmonument/48476
Roswinkel|2006-03-25T13:55:51Z|1.7|2|25|33782||onroerend gebouwd|Boerderij||17.6|-1.4|buiten indicatief effectgebied|nee|https://monumentenregister.cultureelerfgoed.nl/monumenten/33782|https://linkeddata.cultureelerfgoed.nl/cho-kennis/id/rijksmonument/40340
Roswinkel|2006-03-25T13:55:51Z|1.7|2|25|516251||onroerend gebouwd|Sluiswachterswoning|Woonhuis|17.6|-1.4|buiten indicatief effectgebied|nee|https://monumentenregister.cultureelerfgoed.nl/monumenten/516251|https://linkeddata.cultureelerfgoed.nl/cho-kennis/id/rijksmonument/69727
Roswinkel|2006-03-25T13:55:51Z|1.7|2|25|478219|'t Armhoes|onroerend gebouwd|Sociale zorg, liefdadigheid||17.6|-1.4|buiten indicatief effectgebied|nee|https://monumentenregister.cultureelerfgoed.nl/monumenten/478219|https://linkeddata.cultureelerfgoed.nl/cho-kennis/id/rijksmonument/14959
Roswinkel|2006-03-25T13:55:51Z|1.7|2|25|33787||onroerend gebouwd|Molen||17.7|-1.4|buiten indicatief effectgebied|nee|https://monumentenregister.cultureelerfgoed.nl/monumenten/33787|https://linkeddata.cultureelerfgoed.nl/cho-kennis/id/rijksmonument/21687
Roswinkel|2006-03-25T13:55:51Z|1.7|2|25|516243|Julianapark|onroerend gebouwd|Park|Park|17.7|-1.4|buiten indicatief effectgebied|nee|https://monumentenregister.cultureelerfgoed.nl/monumenten/516243|https://linkeddata.cultureelerfgoed.nl/cho-kennis/id/rijksmonument/48974
Roswinkel|2006-03-25T13:55:51Z|1.7|2|25|37450||onroerend gebouwd|Boerderij||17.8|-1.4|buiten indicatief effectgebied|nee|https://monumentenregister.cultureelerfgoed.nl/monumenten/37450|https://linkeddata.cultureelerfgoed.nl/cho-kennis/id/rijksmonument/20248
Roswinkel|2006-03-25T13:55:51Z|1.7|2|25|478216||onroerend gebouwd|Boerderij||17.8|-1.4|buiten indicatief effectgebied|nee|https://monumentenregister.cultureelerfgoed.nl/monumenten/478216|https://linkeddata.cultureelerfgoed.nl/cho-kennis/id/rijksmonument/55760
Roswinkel|2006-03-25T13:55:51Z|1.7|2|25|478384||onroerend gebouwd|Schuur||17.8|-1.4|buiten indicatief effectgebied|nee|https://monumentenregister.cultureelerfgoed.nl/monumenten/478384|https://linkeddata.cultureelerfgoed.nl/cho-kennis/id/rijksmonument/77650
Roswinkel|2006-03-25T13:55:51Z|1.7|2|25|478383||onroerend gebouwd|Schuur||17.8|-1.4|buiten indicatief effectgebied|nee|https://monumentenregister.cultureelerfgoed.nl/monumenten/478383|https://linkeddata.cultureelerfgoed.nl/cho-kennis/id/rijksmonument/77651
Roswinkel|2006-03-25T13:55:51Z|1.7|2|25|478382||onroerend gebouwd|Boerderij||17.8|-1.4|buiten indicatief effectgebied|nee|https://monumentenregister.cultureelerfgoed.nl/monumenten/478382|https://linkeddata.cultureelerfgoed.nl/cho-kennis/id/rijksmonument/77652
Roswinkel|2006-03-25T13:55:51Z|1.7|2|25|510963||onroerend gebouwd|Orgel||17.9|-1.4|buiten indicatief effectgebied|nee|https://monumentenregister.cultureelerfgoed.nl/monumenten/510963|https://linkeddata.cultureelerfgoed.nl/cho-kennis/id/rijksmonument/53392
Roswinkel|2006-03-25T13:55:51Z|1.7|2|25|510964||onroerend gebouwd|Postkantoor||18.0|-1.4|buiten indicatief effectgebied|nee|https://monumentenregister.cultureelerfgoed.nl/monumenten/510964|https://linkeddata.cultureelerfgoed.nl/cho-kennis/id/rijksmonument/59279
Roswinkel|2006-03-25T13:55:51Z|1.7|2|25|507453||onroerend gebouwd|Locomotievenremise||18.4|-1.4|buiten indicatief effectgebied|nee|https://monumentenregister.cultureelerfgoed.nl/monumenten/507453|https://linkeddata.cultureelerfgoed.nl/cho-kennis/id/rijksmonument/78338
Roswinkel|2006-03-25T13:55:51Z|1.7|2|25|506118|Turfstrooiselfabriek|onroerend gebouwd|Turfstrooiselfabriek||18.4|-1.4|buiten indicatief effectgebied|nee|https://monumentenregister.cultureelerfgoed.nl/monumenten/506118|https://linkeddata.cultureelerfgoed.nl/cho-kennis/id/rijksmonument/78339
Roswinkel|2006-03-25T13:55:51Z|1.7|2|25|510945||onroerend gebouwd|Ambtswoning||18.4|-1.4|buiten indicatief effectgebied|nee|https://monumentenregister.cultureelerfgoed.nl/monumenten/510945|https://linkeddata.cultureelerfgoed.nl/cho-kennis/id/rijksmonument/42221
Roswinkel|2006-03-25T13:55:51Z|1.7|2|25|510946||onroerend gebouwd|Ambtswoning||18.5|-1.4|buiten indicatief effectgebied|nee|https://monumentenregister.cultureelerfgoed.nl/monumenten/510946|https://linkeddata.cultureelerfgoed.nl/cho-kennis/id/rijksmonument/49015
Roswinkel|2006-03-25T13:55:51Z|1.7|2|25|510970|Huize Carex|onroerend gebouwd|Directeurswoning||18.5|-1.4|buiten indicatief effectgebied|nee|https://monumentenregister.cultureelerfgoed.nl/monumenten/510970|https://linkeddata.cultureelerfgoed.nl/cho-kennis/id/rijksmonument/36304
Roswinkel|2006-03-25T13:55:51Z|1.7|2|25|33786||onroerend gebouwd|Molen||18.5|-1.4|buiten indicatief effectgebied|nee|https://monumentenregister.cultureelerfgoed.nl/monumenten/33786|https://linkeddata.cultureelerfgoed.nl/cho-kennis/id/rijksmonument/36716
Roswinkel|2006-03-25T13:55:51Z|1.7|2|25|516203||onroerend gebouwd|Directeurswoning|Woonhuis|18.5|-1.4|buiten indicatief effectgebied|nee|https://monumentenregister.cultureelerfgoed.nl/monumenten/516203|https://linkeddata.cultureelerfgoed.nl/cho-kennis/id/rijksmonument/76698
Roswinkel|2006-03-25T13:55:51Z|1.7|2|25|516259||onroerend gebouwd|Kerk|Kerk|18.8|-1.5|buiten indicatief effectgebied|nee|https://monumentenregister.cultureelerfgoed.nl/monumenten/516259|https://linkeddata.cultureelerfgoed.nl/cho-kennis/id/rijksmonument/43387
Roswinkel|2006-03-25T13:55:51Z|1.7|2|25|478217||onroerend gebouwd|Kerk||18.8|-1.5|buiten indicatief effectgebied|nee|https://monumentenregister.cultureelerfgoed.nl/monumenten/478217|https://linkeddata.cultureelerfgoed.nl/cho-kennis/id/rijksmonument/46256
Roswinkel|2006-03-25T13:55:51Z|1.7|2|25|33785||onroerend gebouwd|Kerk||19.1|-1.5|buiten indicatief effectgebied|nee|https://monumentenregister.cultureelerfgoed.nl/monumenten/33785|https://linkeddata.cultureelerfgoed.nl/cho-kennis/id/rijksmonument/55386
Roswinkel|2006-03-25T13:55:51Z|1.7|2|25|510965|La Paix|onroerend gebouwd|Woonhuis||19.1|-1.5|buiten indicatief effectgebied|nee|https://monumentenregister.cultureelerfgoed.nl/monumenten/510965|https://linkeddata.cultureelerfgoed.nl/cho-kennis/id/rijksmonument/58383
Roswinkel|2006-03-25T13:55:51Z|1.7|2|25|37470||onroerend gebouwd|Boerderij||19.3|-1.5|buiten indicatief effectgebied|nee|https://monumentenregister.cultureelerfgoed.nl/monumenten/37470|https://linkeddata.cultureelerfgoed.nl/cho-kennis/id/rijksmonument/59291
Roswinkel|2006-03-25T13:55:51Z|1.7|2|25|33784||onroerend gebouwd|Molen||19.3|-1.5|buiten indicatief effectgebied|nee|https://monumentenregister.cultureelerfgoed.nl/monumenten/33784|https://linkeddata.cultureelerfgoed.nl/cho-kennis/id/rijksmonument/58087
Roswinkel|2006-03-25T13:55:51Z|1.7|2|25|516262||onroerend gebouwd|Winkelwoning||19.3|-1.5|buiten indicatief effectgebied|nee|https://monumentenregister.cultureelerfgoed.nl/monumenten/516262|https://linkeddata.cultureelerfgoed.nl/cho-kennis/id/rijksmonument/43713
Roswinkel|2006-03-25T13:55:51Z|1.7|2|25|34166||onroerend gebouwd|Boerderij||19.4|-1.5|buiten indicatief effectgebied|nee|https://monumentenregister.cultureelerfgoed.nl/monumenten/34166|https://linkeddata.cultureelerfgoed.nl/cho-kennis/id/rijksmonument/56211
Roswinkel|2006-03-25T13:55:51Z|1.7|2|25|37471||onroerend gebouwd|Boerderij||19.5|-1.5|buiten indicatief effectgebied|nee|https://monumentenregister.cultureelerfgoed.nl/monumenten/37471|https://linkeddata.cultureelerfgoed.nl/cho-kennis/id/rijksmonument/15258
Roswinkel|2006-03-25T13:55:51Z|1.7|2|25|9897||onroerend gebouwd|Kerk||19.7|-1.5|buiten indicatief effectgebied|nee|https://monumentenregister.cultureelerfgoed.nl/monumenten/9897|https://linkeddata.cultureelerfgoed.nl/cho-kennis/id/rijksmonument/27320
Roswinkel|2006-03-25T13:55:51Z|1.7|2|25|9901||onroerend gebouwd|Begraafplaats en -onderdelen||19.7|-1.5|buiten indicatief effectgebied|nee|https://monumentenregister.cultureelerfgoed.nl/monumenten/9901|https://linkeddata.cultureelerfgoed.nl/cho-kennis/id/rijksmonument/33663
Roswinkel|2006-03-25T13:55:51Z|1.7|2|25|37472||onroerend gebouwd|Boerderij||19.7|-1.5|buiten indicatief effectgebied|nee|https://monumentenregister.cultureelerfgoed.nl/monumenten/37472|https://linkeddata.cultureelerfgoed.nl/cho-kennis/id/rijksmonument/62253
Roswinkel|2006-03-25T13:55:51Z|1.7|2|25|9898||onroerend gebouwd|Kerktoren||19.7|-1.5|buiten indicatief effectgebied|nee|https://monumentenregister.cultureelerfgoed.nl/monumenten/9898|https://linkeddata.cultureelerfgoed.nl/cho-kennis/id/rijksmonument/54101
Roswinkel|2006-03-25T13:55:51Z|1.7|2|25|508374||onroerend gebouwd|Woonhuis||19.8|-1.5|buiten indicatief effectgebied|nee|https://monumentenregister.cultureelerfgoed.nl/monumenten/508374|https://linkeddata.cultureelerfgoed.nl/cho-kennis/id/rijksmonument/56801
Roswinkel|2006-03-25T13:55:51Z|1.7|2|25|516261||onroerend gebouwd|Woonhuis|Woonhuis|19.8|-1.5|buiten indicatief effectgebied|nee|https://monumentenregister.cultureelerfgoed.nl/monumenten/516261|https://linkeddata.cultureelerfgoed.nl/cho-kennis/id/rijksmonument/46004
Roswinkel|2006-03-25T13:55:51Z|1.7|2|25|9899||onroerend gebouwd|Boerderij||19.9|-1.5|buiten indicatief effectgebied|nee|https://monumentenregister.cultureelerfgoed.nl/monumenten/9899|https://linkeddata.cultureelerfgoed.nl/cho-kennis/id/rijksmonument/11560
Roswinkel|2006-03-25T13:55:51Z|1.7|2|25|516260||onroerend gebouwd|Boerderij|Praktijkwoning|19.9|-1.5|buiten indicatief effectgebied|nee|https://monumentenregister.cultureelerfgoed.nl/monumenten/516260|https://linkeddata.cultureelerfgoed.nl/cho-kennis/id/rijksmonument/19019
Roswinkel|2006-03-25T13:55:51Z|1.7|2|25|9902||onroerend gebouwd|Boerderij||20.1|-1.5|buiten indicatief effectgebied|nee|https://monumentenregister.cultureelerfgoed.nl/monumenten/9902|https://linkeddata.cultureelerfgoed.nl/cho-kennis/id/rijksmonument/40618
Roswinkel|2006-03-25T13:55:51Z|1.7|2|25|516272||onroerend gebouwd|Boerderij|Boerderij|20.2|-1.5|buiten indicatief effectgebied|nee|https://monumentenregister.cultureelerfgoed.nl/monumenten/516272|https://linkeddata.cultureelerfgoed.nl/cho-kennis/id/rijksmonument/39639
Roswinkel|2006-03-25T13:55:51Z|1.7|2|25|34175||onroerend gebouwd|Boerderij||20.6|-1.5|buiten indicatief effectgebied|nee|https://monumentenregister.cultureelerfgoed.nl/monumenten/34175|https://linkeddata.cultureelerfgoed.nl/cho-kennis/id/rijksmonument/35844
Roswinkel|2006-03-25T13:55:51Z|1.7|2|25|516250|Tweede Verlaat/Olthofsverlaat|onroerend gebouwd|Schutsluis|Schutsluis|21.0|-1.5|buiten indicatief effectgebied|nee|https://monumentenregister.cultureelerfgoed.nl/monumenten/516250|https://linkeddata.cultureelerfgoed.nl/cho-kennis/id/rijksmonument/69728
Roswinkel|2006-03-25T13:55:51Z|1.7|2|25|41530||onroerend gebouwd|Boerderij||21.1|-1.5|buiten indicatief effectgebied|nee|https://monumentenregister.cultureelerfgoed.nl/monumenten/41530|https://linkeddata.cultureelerfgoed.nl/cho-kennis/id/rijksmonument/13935
Roswinkel|2006-03-25T13:55:51Z|1.7|2|25|41517||onroerend gebouwd|Kerk||21.1|-1.5|buiten indicatief effectgebied|nee|https://monumentenregister.cultureelerfgoed.nl/monumenten/41517|https://linkeddata.cultureelerfgoed.nl/cho-kennis/id/rijksmonument/16176
Roswinkel|2006-03-25T13:55:51Z|1.7|2|25|510971||onroerend gebouwd|Boerderij||21.2|-1.5|buiten indicatief effectgebied|nee|https://monumentenregister.cultureelerfgoed.nl/monumenten/510971|https://linkeddata.cultureelerfgoed.nl/cho-kennis/id/rijksmonument/22639
Roswinkel|2006-03-25T13:55:51Z|1.7|2|25|34174||onroerend gebouwd|Boerderij||21.2|-1.5|buiten indicatief effectgebied|nee|https://monumentenregister.cultureelerfgoed.nl/monumenten/34174|https://linkeddata.cultureelerfgoed.nl/cho-kennis/id/rijksmonument/56871
Roswinkel|2006-03-25T13:55:51Z|1.7|2|25|478012||onroerend gebouwd|Smederij||21.3|-1.5|buiten indicatief effectgebied|nee|https://monumentenregister.cultureelerfgoed.nl/monumenten/478012|https://linkeddata.cultureelerfgoed.nl/cho-kennis/id/rijksmonument/21406
Roswinkel|2006-03-25T13:55:51Z|1.7|2|25|33411||onroerend gebouwd|Boerderij||21.3|-1.5|buiten indicatief effectgebied|nee|https://monumentenregister.cultureelerfgoed.nl/monumenten/33411|https://linkeddata.cultureelerfgoed.nl/cho-kennis/id/rijksmonument/43747
Roswinkel|2006-03-25T13:55:51Z|1.7|2|25|34171||onroerend gebouwd|Boerderij||21.3|-1.5|buiten indicatief effectgebied|nee|https://monumentenregister.cultureelerfgoed.nl/monumenten/34171|https://linkeddata.cultureelerfgoed.nl/cho-kennis/id/rijksmonument/43267
Roswinkel|2006-03-25T13:55:51Z|1.7|2|25|31634|Havezathe De Klencke|onroerend gebouwd|Kasteel, buitenplaats||21.3|-1.5|buiten indicatief effectgebied|nee|https://monumentenregister.cultureelerfgoed.nl/monumenten/31634|https://linkeddata.cultureelerfgoed.nl/cho-kennis/id/rijksmonument/54130
Roswinkel|2006-03-25T13:55:51Z|1.7|2|25|41514||onroerend gebouwd|Boerderij||21.3|-1.5|buiten indicatief effectgebied|nee|https://monumentenregister.cultureelerfgoed.nl/monumenten/41514|https://linkeddata.cultureelerfgoed.nl/cho-kennis/id/rijksmonument/43518
Roswinkel|2006-03-25T13:55:51Z|1.7|2|25|34170||onroerend gebouwd|Boerderij||21.3|-1.5|buiten indicatief effectgebied|nee|https://monumentenregister.cultureelerfgoed.nl/monumenten/34170|https://linkeddata.cultureelerfgoed.nl/cho-kennis/id/rijksmonument/47590
Roswinkel|2006-03-25T13:55:51Z|1.7|2|25|41516||onroerend gebouwd|Boerderij||21.3|-1.5|buiten indicatief effectgebied|nee|https://monumentenregister.cultureelerfgoed.nl/monumenten/41516|https://linkeddata.cultureelerfgoed.nl/cho-kennis/id/rijksmonument/23897
Roswinkel|2006-03-25T13:55:51Z|1.7|2|25|34173||onroerend gebouwd|Boerderij||21.4|-1.5|buiten indicatief effectgebied|nee|https://monumentenregister.cultureelerfgoed.nl/monumenten/34173|https://linkeddata.cultureelerfgoed.nl/cho-kennis/id/rijksmonument/19320
Roswinkel|2006-03-25T13:55:51Z|1.7|2|25|508693||onroerend gebouwd|Woonhuis||21.4|-1.5|buiten indicatief effectgebied|nee|https://monumentenregister.cultureelerfgoed.nl/monumenten/508693|https://linkeddata.cultureelerfgoed.nl/cho-kennis/id/rijksmonument/45906
Roswinkel|2006-03-25T13:55:51Z|1.7|2|25|478150||onroerend gebouwd|Schuur||21.4|-1.5|buiten indicatief effectgebied|nee|https://monumentenregister.cultureelerfgoed.nl/monumenten/478150|https://linkeddata.cultureelerfgoed.nl/cho-kennis/id/rijksmonument/73021
Roswinkel|2006-03-25T13:55:51Z|1.7|2|25|478149||onroerend gebouwd|Schuur||21.4|-1.5|buiten indicatief effectgebied|nee|https://monumentenregister.cultureelerfgoed.nl/monumenten/478149|https://linkeddata.cultureelerfgoed.nl/cho-kennis/id/rijksmonument/73022
Roswinkel|2006-03-25T13:55:51Z|1.7|2|25|34172||onroerend gebouwd|Boerderij||21.4|-1.5|buiten indicatief effectgebied|nee|https://monumentenregister.cultureelerfgoed.nl/monumenten/34172|https://linkeddata.cultureelerfgoed.nl/cho-kennis/id/rijksmonument/44856
Roswinkel|2006-03-25T13:55:51Z|1.7|2|25|508688||onroerend gebouwd|Dienstwoning||21.4|-1.5|buiten indicatief effectgebied|nee|https://monumentenregister.cultureelerfgoed.nl/monumenten/508688|https://linkeddata.cultureelerfgoed.nl/cho-kennis/id/rijksmonument/25319
Roswinkel|2006-03-25T13:55:51Z|1.7|2|25|478009||onroerend gebouwd|Boerderij||21.4|-1.5|buiten indicatief effectgebied|nee|https://monumentenregister.cultureelerfgoed.nl/monumenten/478009|https://linkeddata.cultureelerfgoed.nl/cho-kennis/id/rijksmonument/19096
Roswinkel|2006-03-25T13:55:51Z|1.7|2|25|478148||onroerend gebouwd|Boerderij||21.4|-1.5|buiten indicatief effectgebied|nee|https://monumentenregister.cultureelerfgoed.nl/monumenten/478148|https://linkeddata.cultureelerfgoed.nl/cho-kennis/id/rijksmonument/73023
Roswinkel|2006-03-25T13:55:51Z|1.7|2|25|508692||onroerend gebouwd|Gemeentehuis||21.4|-1.5|buiten indicatief effectgebied|nee|https://monumentenregister.cultureelerfgoed.nl/monumenten/508692|https://linkeddata.cultureelerfgoed.nl/cho-kennis/id/rijksmonument/13954
Roswinkel|2006-03-25T13:55:51Z|1.7|2|25|34301||onroerend gebouwd|Boerderij||21.5|-1.5|buiten indicatief effectgebied|nee|https://monumentenregister.cultureelerfgoed.nl/monumenten/34301|https://linkeddata.cultureelerfgoed.nl/cho-kennis/id/rijksmonument/33103
Roswinkel|2006-03-25T13:55:51Z|1.7|2|25|508691||onroerend gebouwd|Kerk||21.5|-1.5|buiten indicatief effectgebied|nee|https://monumentenregister.cultureelerfgoed.nl/monumenten/508691|https://linkeddata.cultureelerfgoed.nl/cho-kennis/id/rijksmonument/18233
Roswinkel|2006-03-25T13:55:51Z|1.7|2|25|508690||onroerend gebouwd|Catechisatielokaal||21.5|-1.5|buiten indicatief effectgebied|nee|https://monumentenregister.cultureelerfgoed.nl/monumenten/508690|https://linkeddata.cultureelerfgoed.nl/cho-kennis/id/rijksmonument/38688
Roswinkel|2006-03-25T13:55:51Z|1.7|2|25|37449||onroerend gebouwd|Gracht||21.5|-1.5|buiten indicatief effectgebied|nee|https://monumentenregister.cultureelerfgoed.nl/monumenten/37449|https://linkeddata.cultureelerfgoed.nl/cho-kennis/id/rijksmonument/23043
Roswinkel|2006-03-25T13:55:51Z|1.7|2|25|478010||onroerend gebouwd|Woonhuis||21.5|-1.5|buiten indicatief effectgebied|nee|https://monumentenregister.cultureelerfgoed.nl/monumenten/478010|https://linkeddata.cultureelerfgoed.nl/cho-kennis/id/rijksmonument/52393
Roswinkel|2006-03-25T13:55:51Z|1.7|2|25|508689||onroerend gebouwd|Boerderij||21.5|-1.5|buiten indicatief effectgebied|nee|https://monumentenregister.cultureelerfgoed.nl/monumenten/508689|https://linkeddata.cultureelerfgoed.nl/cho-kennis/id/rijksmonument/38666
Roswinkel|2006-03-25T13:55:51Z|1.7|2|25|41515||onroerend gebouwd|Boerderij||21.5|-1.5|buiten indicatief effectgebied|nee|https://monumentenregister.cultureelerfgoed.nl/monumenten/41515|https://linkeddata.cultureelerfgoed.nl/cho-kennis/id/rijksmonument/43708
Roswinkel|2006-03-25T13:55:51Z|1.7|2|25|33781||onroerend gebouwd|Boerderij||21.5|-1.5|buiten indicatief effectgebied|nee|https://monumentenregister.cultureelerfgoed.nl/monumenten/33781|https://linkeddata.cultureelerfgoed.nl/cho-kennis/id/rijksmonument/41567
Roswinkel|2006-03-25T13:55:51Z|1.7|2|25|11636||onroerend gebouwd|Boerderij||21.6|-1.6|buiten indicatief effectgebied|nee|https://monumentenregister.cultureelerfgoed.nl/monumenten/11636|https://linkeddata.cultureelerfgoed.nl/cho-kennis/id/rijksmonument/40579
Roswinkel|2006-03-25T13:55:51Z|1.7|2|25|33406||onroerend gebouwd|Boerderij||21.6|-1.6|buiten indicatief effectgebied|nee|https://monumentenregister.cultureelerfgoed.nl/monumenten/33406|https://linkeddata.cultureelerfgoed.nl/cho-kennis/id/rijksmonument/17587
Roswinkel|2006-03-25T13:55:51Z|1.7|2|25|37443||onroerend gebouwd|Werk-woonhuis||21.6|-1.6|buiten indicatief effectgebied|nee|https://monumentenregister.cultureelerfgoed.nl/monumenten/37443|https://linkeddata.cultureelerfgoed.nl/cho-kennis/id/rijksmonument/39205
Roswinkel|2006-03-25T13:55:51Z|1.7|2|25|37442||onroerend gebouwd|Woonhuis||21.6|-1.6|buiten indicatief effectgebied|nee|https://monumentenregister.cultureelerfgoed.nl/monumenten/37442|https://linkeddata.cultureelerfgoed.nl/cho-kennis/id/rijksmonument/47283
Roswinkel|2006-03-25T13:55:51Z|1.7|2|25|37441||onroerend gebouwd|Vergadering en vereniging||21.6|-1.6|buiten indicatief effectgebied|nee|https://monumentenregister.cultureelerfgoed.nl/monumenten/37441|https://linkeddata.cultureelerfgoed.nl/cho-kennis/id/rijksmonument/29012
Roswinkel|2006-03-25T13:55:51Z|1.7|2|25|37444||onroerend gebouwd|Weg||21.6|-1.6|buiten indicatief effectgebied|nee|https://monumentenregister.cultureelerfgoed.nl/monumenten/37444|https://linkeddata.cultureelerfgoed.nl/cho-kennis/id/rijksmonument/13288
Roswinkel|2006-03-25T13:55:51Z|1.7|2|25|33417||onroerend gebouwd|Boerderij||21.6|-1.6|buiten indicatief effectgebied|nee|https://monumentenregister.cultureelerfgoed.nl/monumenten/33417|https://linkeddata.cultureelerfgoed.nl/cho-kennis/id/rijksmonument/69667
Roswinkel|2006-03-25T13:55:51Z|1.7|2|25|394134||onroerend gebouwd|Boerderij||21.6|-1.6|buiten indicatief effectgebied|nee|https://monumentenregister.cultureelerfgoed.nl/monumenten/394134|https://linkeddata.cultureelerfgoed.nl/cho-kennis/id/rijksmonument/69665
Roswinkel|2006-03-25T13:55:51Z|1.7|2|25|393997||onroerend gebouwd|Boerderij||21.6|-1.6|buiten indicatief effectgebied|nee|https://monumentenregister.cultureelerfgoed.nl/monumenten/393997|https://linkeddata.cultureelerfgoed.nl/cho-kennis/id/rijksmonument/69666
Roswinkel|2006-03-25T13:55:51Z|1.7|2|25|37447||onroerend gebouwd|Kerk||21.6|-1.6|buiten indicatief effectgebied|nee|https://monumentenregister.cultureelerfgoed.nl/monumenten/37447|https://linkeddata.cultureelerfgoed.nl/cho-kennis/id/rijksmonument/28546
Roswinkel|2006-03-25T13:55:51Z|1.7|2|25|33416||onroerend gebouwd|Boerderij||21.7|-1.6|buiten indicatief effectgebied|nee|https://monumentenregister.cultureelerfgoed.nl/monumenten/33416|https://linkeddata.cultureelerfgoed.nl/cho-kennis/id/rijksmonument/38005
Roswinkel|2006-03-25T13:55:51Z|1.7|2|25|393994||onroerend gebouwd|Boerderij||21.7|-1.6|buiten indicatief effectgebied|nee|https://monumentenregister.cultureelerfgoed.nl/monumenten/393994|https://linkeddata.cultureelerfgoed.nl/cho-kennis/id/rijksmonument/69424
Roswinkel|2006-03-25T13:55:51Z|1.7|2|25|33407||onroerend gebouwd|Boerderij||21.7|-1.6|buiten indicatief effectgebied|nee|https://monumentenregister.cultureelerfgoed.nl/monumenten/33407|https://linkeddata.cultureelerfgoed.nl/cho-kennis/id/rijksmonument/40622
Roswinkel|2006-03-25T13:55:51Z|1.7|2|25|37439||onroerend gebouwd|Woonhuis||21.7|-1.6|buiten indicatief effectgebied|nee|https://monumentenregister.cultureelerfgoed.nl/monumenten/37439|https://linkeddata.cultureelerfgoed.nl/cho-kennis/id/rijksmonument/23102
Roswinkel|2006-03-25T13:55:51Z|1.7|2|25|37440||onroerend gebouwd|Woonhuis||21.7|-1.6|buiten indicatief effectgebied|nee|https://monumentenregister.cultureelerfgoed.nl/monumenten/37440|https://linkeddata.cultureelerfgoed.nl/cho-kennis/id/rijksmonument/29356
Roswinkel|2006-03-25T13:55:51Z|1.7|2|25|33412||onroerend gebouwd|Boerderij||21.7|-1.6|buiten indicatief effectgebied|nee|https://monumentenregister.cultureelerfgoed.nl/monumenten/33412|https://linkeddata.cultureelerfgoed.nl/cho-kennis/id/rijksmonument/69425
Roswinkel|2006-03-25T13:55:51Z|1.7|2|25|394065||onroerend gebouwd|Straatmeubilair||21.7|-1.6|buiten indicatief effectgebied|nee|https://monumentenregister.cultureelerfgoed.nl/monumenten/394065|https://linkeddata.cultureelerfgoed.nl/cho-kennis/id/rijksmonument/69422
Roswinkel|2006-03-25T13:55:51Z|1.7|2|25|33408||onroerend gebouwd|Boerderij||21.7|-1.6|buiten indicatief effectgebied|nee|https://monumentenregister.cultureelerfgoed.nl/monumenten/33408|https://linkeddata.cultureelerfgoed.nl/cho-kennis/id/rijksmonument/57961
Roswinkel|2006-03-25T13:55:51Z|1.7|2|25|33415||onroerend gebouwd|Boerderij||21.7|-1.6|buiten indicatief effectgebied|nee|https://monumentenregister.cultureelerfgoed.nl/monumenten/33415|https://linkeddata.cultureelerfgoed.nl/cho-kennis/id/rijksmonument/12837
Roswinkel|2006-03-25T13:55:51Z|1.7|2|25|394059||onroerend gebouwd|Boerderij||21.7|-1.6|buiten indicatief effectgebied|nee|https://monumentenregister.cultureelerfgoed.nl/monumenten/394059|https://linkeddata.cultureelerfgoed.nl/cho-kennis/id/rijksmonument/69423
Roswinkel|2006-03-25T13:55:51Z|1.7|2|25|33414||onroerend gebouwd|Boerderij||21.7|-1.6|buiten indicatief effectgebied|nee|https://monumentenregister.cultureelerfgoed.nl/monumenten/33414|https://linkeddata.cultureelerfgoed.nl/cho-kennis/id/rijksmonument/68295
Roswinkel|2006-03-25T13:55:51Z|1.7|2|25|37445||onroerend gebouwd|Woonhuis||21.7|-1.6|buiten indicatief effectgebied|nee|https://monumentenregister.cultureelerfgoed.nl/monumenten/37445|https://linkeddata.cultureelerfgoed.nl/cho-kennis/id/rijksmonument/40642
Roswinkel|2006-03-25T13:55:51Z|1.7|2|25|393996||onroerend gebouwd|Boerderij||21.7|-1.6|buiten indicatief effectgebied|nee|https://monumentenregister.cultureelerfgoed.nl/monumenten/393996|https://linkeddata.cultureelerfgoed.nl/cho-kennis/id/rijksmonument/68294
Roswinkel|2006-03-25T13:55:51Z|1.7|2|25|33413||onroerend gebouwd|Boerderij||21.7|-1.6|buiten indicatief effectgebied|nee|https://monumentenregister.cultureelerfgoed.nl/monumenten/33413|https://linkeddata.cultureelerfgoed.nl/cho-kennis/id/rijksmonument/65883
Roswinkel|2006-03-25T13:55:51Z|1.7|2|25|393995||onroerend gebouwd|Boerderij||21.7|-1.6|buiten indicatief effectgebied|nee|https://monumentenregister.cultureelerfgoed.nl/monumenten/393995|https://linkeddata.cultureelerfgoed.nl/cho-kennis/id/rijksmonument/65882
Roswinkel|2006-03-25T13:55:51Z|1.7|2|25|516238||onroerend gebouwd|Stookhok|Stookhok|21.7|-1.6|buiten indicatief effectgebied|nee|https://monumentenregister.cultureelerfgoed.nl/monumenten/516238|https://linkeddata.cultureelerfgoed.nl/cho-kennis/id/rijksmonument/73513
Roswinkel|2006-03-25T13:55:51Z|1.7|2|25|516236||onroerend gebouwd|Woonhuis|Woonhuis|21.7|-1.6|buiten indicatief effectgebied|nee|https://monumentenregister.cultureelerfgoed.nl/monumenten/516236|https://linkeddata.cultureelerfgoed.nl/cho-kennis/id/rijksmonument/73515
Roswinkel|2006-03-25T13:55:51Z|1.7|2|25|516237||onroerend gebouwd|Schuur|Schuur|21.7|-1.6|buiten indicatief effectgebied|nee|https://monumentenregister.cultureelerfgoed.nl/monumenten/516237|https://linkeddata.cultureelerfgoed.nl/cho-kennis/id/rijksmonument/73514
Roswinkel|2006-03-25T13:55:51Z|1.7|2|25|46891||onroerend gebouwd|Boerderij||21.7|-1.6|buiten indicatief effectgebied|nee|https://monumentenregister.cultureelerfgoed.nl/monumenten/46891|https://linkeddata.cultureelerfgoed.nl/cho-kennis/id/rijksmonument/41923
Roswinkel|2006-03-25T13:55:51Z|1.7|2|25|41535||onroerend gebouwd|Boerderij||21.8|-1.6|buiten indicatief effectgebied|nee|https://monumentenregister.cultureelerfgoed.nl/monumenten/41535|https://linkeddata.cultureelerfgoed.nl/cho-kennis/id/rijksmonument/40840
Roswinkel|2006-03-25T13:55:51Z|1.7|2|25|33399||onroerend gebouwd|Boerderij||21.8|-1.6|buiten indicatief effectgebied|nee|https://monumentenregister.cultureelerfgoed.nl/monumenten/33399|https://linkeddata.cultureelerfgoed.nl/cho-kennis/id/rijksmonument/17410
Roswinkel|2006-03-25T13:55:51Z|1.7|2|25|46561||onroerend gebouwd|Boerderij||21.8|-1.6|buiten indicatief effectgebied|nee|https://monumentenregister.cultureelerfgoed.nl/monumenten/46561|https://linkeddata.cultureelerfgoed.nl/cho-kennis/id/rijksmonument/13761
Roswinkel|2006-03-25T13:55:51Z|1.7|2|25|46615|De Juffer|onroerend gebouwd|Molen||21.8|-1.6|buiten indicatief effectgebied|nee|https://monumentenregister.cultureelerfgoed.nl/monumenten/46615|https://linkeddata.cultureelerfgoed.nl/cho-kennis/id/rijksmonument/32800
Roswinkel|2006-03-25T13:55:51Z|1.7|2|25|33400||onroerend gebouwd|Boerderij||21.9|-1.6|buiten indicatief effectgebied|nee|https://monumentenregister.cultureelerfgoed.nl/monumenten/33400|https://linkeddata.cultureelerfgoed.nl/cho-kennis/id/rijksmonument/66831
Roswinkel|2006-03-25T13:55:51Z|1.7|2|25|394094||onroerend gebouwd|Varkensstal||21.9|-1.6|buiten indicatief effectgebied|nee|https://monumentenregister.cultureelerfgoed.nl/monumenten/394094|https://linkeddata.cultureelerfgoed.nl/cho-kennis/id/rijksmonument/66829
Roswinkel|2006-03-25T13:55:51Z|1.7|2|25|393998||onroerend gebouwd|Schuur||21.9|-1.6|buiten indicatief effectgebied|nee|https://monumentenregister.cultureelerfgoed.nl/monumenten/393998|https://linkeddata.cultureelerfgoed.nl/cho-kennis/id/rijksmonument/66830
Roswinkel|2006-03-25T13:55:51Z|1.7|2|25|34169||onroerend gebouwd|Kerk||21.9|-1.6|buiten indicatief effectgebied|nee|https://monumentenregister.cultureelerfgoed.nl/monumenten/34169|https://linkeddata.cultureelerfgoed.nl/cho-kennis/id/rijksmonument/12679
Roswinkel|2006-03-25T13:55:51Z|1.7|2|25|33418||onroerend gebouwd|Boerderij||21.9|-1.6|buiten indicatief effectgebied|nee|https://monumentenregister.cultureelerfgoed.nl/monumenten/33418|https://linkeddata.cultureelerfgoed.nl/cho-kennis/id/rijksmonument/61275
Roswinkel|2006-03-25T13:55:51Z|1.7|2|25|516254|De Kamp|onroerend gebouwd|Woonhuis|Woonhuis|21.9|-1.6|buiten indicatief effectgebied|nee|https://monumentenregister.cultureelerfgoed.nl/monumenten/516254|https://linkeddata.cultureelerfgoed.nl/cho-kennis/id/rijksmonument/79784
Roswinkel|2006-03-25T13:55:51Z|1.7|2|25|516255||onroerend gebouwd|Schuur|Schuur|21.9|-1.6|buiten indicatief effectgebied|nee|https://monumentenregister.cultureelerfgoed.nl/monumenten/516255|https://linkeddata.cultureelerfgoed.nl/cho-kennis/id/rijksmonument/79783
Roswinkel|2006-03-25T13:55:51Z|1.7|2|25|532035||onroerend gebouwd|Industrie||21.9|-1.6|buiten indicatief effectgebied|nee|https://monumentenregister.cultureelerfgoed.nl/monumenten/532035|https://linkeddata.cultureelerfgoed.nl/cho-kennis/id/rijksmonument/18627
Roswinkel|2006-03-25T13:55:51Z|1.7|2|25|41533||onroerend gebouwd|Boerderij||21.9|-1.6|buiten indicatief effectgebied|nee|https://monumentenregister.cultureelerfgoed.nl/monumenten/41533|https://linkeddata.cultureelerfgoed.nl/cho-kennis/id/rijksmonument/19141
Roswinkel|2006-03-25T13:55:51Z|1.7|2|25|41532||onroerend gebouwd|Boerderij||21.9|-1.6|buiten indicatief effectgebied|nee|https://monumentenregister.cultureelerfgoed.nl/monumenten/41532|https://linkeddata.cultureelerfgoed.nl/cho-kennis/id/rijksmonument/24014
Roswinkel|2006-03-25T13:55:51Z|1.7|2|25|33410||onroerend gebouwd|Boerderij||21.9|-1.6|buiten indicatief effectgebied|nee|https://monumentenregister.cultureelerfgoed.nl/monumenten/33410|https://linkeddata.cultureelerfgoed.nl/cho-kennis/id/rijksmonument/67083
Roswinkel|2006-03-25T13:55:51Z|1.7|2|25|41534||onroerend gebouwd|Boerderij||21.9|-1.6|buiten indicatief effectgebied|nee|https://monumentenregister.cultureelerfgoed.nl/monumenten/41534|https://linkeddata.cultureelerfgoed.nl/cho-kennis/id/rijksmonument/42679
Roswinkel|2006-03-25T13:55:51Z|1.7|2|25|393999||onroerend gebouwd|Boerderij||22.0|-1.6|buiten indicatief effectgebied|nee|https://monumentenregister.cultureelerfgoed.nl/monumenten/393999|https://linkeddata.cultureelerfgoed.nl/cho-kennis/id/rijksmonument/67082
Roswinkel|2006-03-25T13:55:51Z|1.7|2|25|460737||onroerend gebouwd|Kerk||22.0|-1.6|buiten indicatief effectgebied|nee|https://monumentenregister.cultureelerfgoed.nl/monumenten/460737|https://linkeddata.cultureelerfgoed.nl/cho-kennis/id/rijksmonument/33485
Roswinkel|2006-03-25T13:55:51Z|1.7|2|25|33401||onroerend gebouwd|Boerderij||22.0|-1.6|buiten indicatief effectgebied|nee|https://monumentenregister.cultureelerfgoed.nl/monumenten/33401|https://linkeddata.cultureelerfgoed.nl/cho-kennis/id/rijksmonument/45429
Roswinkel|2006-03-25T13:55:51Z|1.7|2|25|33402||onroerend gebouwd|Boerderij||22.0|-1.6|buiten indicatief effectgebied|nee|https://monumentenregister.cultureelerfgoed.nl/monumenten/33402|https://linkeddata.cultureelerfgoed.nl/cho-kennis/id/rijksmonument/22601
Roswinkel|2006-03-25T13:55:51Z|1.7|2|25|37467||onroerend gebouwd|Boerderij||22.1|-1.6|buiten indicatief effectgebied|nee|https://monumentenregister.cultureelerfgoed.nl/monumenten/37467|https://linkeddata.cultureelerfgoed.nl/cho-kennis/id/rijksmonument/57357
Roswinkel|2006-03-25T13:55:51Z|1.7|2|25|33403||onroerend gebouwd|Boerderij||22.1|-1.6|buiten indicatief effectgebied|nee|https://monumentenregister.cultureelerfgoed.nl/monumenten/33403|https://linkeddata.cultureelerfgoed.nl/cho-kennis/id/rijksmonument/72203
Roswinkel|2006-03-25T13:55:51Z|1.7|2|25|389115||onroerend gebouwd|Boerderij||22.1|-1.6|buiten indicatief effectgebied|nee|https://monumentenregister.cultureelerfgoed.nl/monumenten/389115|https://linkeddata.cultureelerfgoed.nl/cho-kennis/id/rijksmonument/72202
Roswinkel|2006-03-25T13:55:51Z|1.7|2|25|34167||onroerend gebouwd|Bestuursgebouw en onderdl||22.1|-1.6|buiten indicatief effectgebied|nee|https://monumentenregister.cultureelerfgoed.nl/monumenten/34167|https://linkeddata.cultureelerfgoed.nl/cho-kennis/id/rijksmonument/26859
Roswinkel|2006-03-25T13:55:51Z|1.7|2|25|37466||onroerend gebouwd|Kerk||22.1|-1.6|buiten indicatief effectgebied|nee|https://monumentenregister.cultureelerfgoed.nl/monumenten/37466|https://linkeddata.cultureelerfgoed.nl/cho-kennis/id/rijksmonument/57092
Roswinkel|2006-03-25T13:55:51Z|1.7|2|25|33404||onroerend gebouwd|Boerderij||22.1|-1.6|buiten indicatief effectgebied|nee|https://monumentenregister.cultureelerfgoed.nl/monumenten/33404|https://linkeddata.cultureelerfgoed.nl/cho-kennis/id/rijksmonument/53840
Roswinkel|2006-03-25T13:55:51Z|1.7|2|25|33405||onroerend gebouwd|Boerderij||22.1|-1.6|buiten indicatief effectgebied|nee|https://monumentenregister.cultureelerfgoed.nl/monumenten/33405|https://linkeddata.cultureelerfgoed.nl/cho-kennis/id/rijksmonument/42647
Roswinkel|2006-03-25T13:55:51Z|1.7|2|25|37448||onroerend gebouwd|Voorwerk||22.2|-1.6|buiten indicatief effectgebied|nee|https://monumentenregister.cultureelerfgoed.nl/monumenten/37448|https://linkeddata.cultureelerfgoed.nl/cho-kennis/id/rijksmonument/30173
Roswinkel|2006-03-25T13:55:51Z|1.7|2|25|478008|Aelderhooge|onroerend gebouwd|Boerderij||22.2|-1.6|buiten indicatief effectgebied|nee|https://monumentenregister.cultureelerfgoed.nl/monumenten/478008|https://linkeddata.cultureelerfgoed.nl/cho-kennis/id/rijksmonument/41512
Roswinkel|2006-03-25T13:55:51Z|1.7|2|25|516270||onroerend gebouwd|Boerderij|Boerderij|22.3|-1.6|buiten indicatief effectgebied|nee|https://monumentenregister.cultureelerfgoed.nl/monumenten/516270|https://linkeddata.cultureelerfgoed.nl/cho-kennis/id/rijksmonument/15774
Roswinkel|2006-03-25T13:55:51Z|1.7|2|25|41519||onroerend gebouwd|Boerderij||22.3|-1.6|buiten indicatief effectgebied|nee|https://monumentenregister.cultureelerfgoed.nl/monumenten/41519|https://linkeddata.cultureelerfgoed.nl/cho-kennis/id/rijksmonument/20853
Roswinkel|2006-03-25T13:55:51Z|1.7|2|25|41520||onroerend gebouwd|Boerderij||22.3|-1.6|buiten indicatief effectgebied|nee|https://monumentenregister.cultureelerfgoed.nl/monumenten/41520|https://linkeddata.cultureelerfgoed.nl/cho-kennis/id/rijksmonument/35928
Roswinkel|2006-03-25T13:55:51Z|1.7|2|25|41521||onroerend gebouwd|Boerderij||22.3|-1.6|buiten indicatief effectgebied|nee|https://monumentenregister.cultureelerfgoed.nl/monumenten/41521|https://linkeddata.cultureelerfgoed.nl/cho-kennis/id/rijksmonument/49093
Roswinkel|2006-03-25T13:55:51Z|1.7|2|25|516271||onroerend gebouwd|Boerderij|Woonhuis|22.4|-1.6|buiten indicatief effectgebied|nee|https://monumentenregister.cultureelerfgoed.nl/monumenten/516271|https://linkeddata.cultureelerfgoed.nl/cho-kennis/id/rijksmonument/25337
Roswinkel|2006-03-25T13:55:51Z|1.7|2|25|41523||onroerend gebouwd|Boerderij||22.5|-1.6|buiten indicatief effectgebied|nee|https://monumentenregister.cultureelerfgoed.nl/monumenten/41523|https://linkeddata.cultureelerfgoed.nl/cho-kennis/id/rijksmonument/41515
Roswinkel|2006-03-25T13:55:51Z|1.7|2|25|41522||onroerend gebouwd|Boerderij||22.5|-1.6|buiten indicatief effectgebied|nee|https://monumentenregister.cultureelerfgoed.nl/monumenten/41522|https://linkeddata.cultureelerfgoed.nl/cho-kennis/id/rijksmonument/60362
Roswinkel|2006-03-25T13:55:51Z|1.7|2|25|8908||onroerend gebouwd|Fort, vesting en -onderdelen||22.5|-1.6|buiten indicatief effectgebied|nee|https://monumentenregister.cultureelerfgoed.nl/monumenten/8908|https://linkeddata.cultureelerfgoed.nl/cho-kennis/id/rijksmonument/49773
Roswinkel|2006-03-25T13:55:51Z|1.7|2|25|41524||onroerend gebouwd|Boerderij||22.5|-1.6|buiten indicatief effectgebied|nee|https://monumentenregister.cultureelerfgoed.nl/monumenten/41524|https://linkeddata.cultureelerfgoed.nl/cho-kennis/id/rijksmonument/13276
Roswinkel|2006-03-25T13:55:51Z|1.7|2|25|41529||onroerend gebouwd|Boerderij||22.5|-1.6|buiten indicatief effectgebied|nee|https://monumentenregister.cultureelerfgoed.nl/monumenten/41529|https://linkeddata.cultureelerfgoed.nl/cho-kennis/id/rijksmonument/62332
Roswinkel|2006-03-25T13:55:51Z|1.7|2|25|41525||onroerend gebouwd|Boerderij||22.6|-1.6|buiten indicatief effectgebied|nee|https://monumentenregister.cultureelerfgoed.nl/monumenten/41525|https://linkeddata.cultureelerfgoed.nl/cho-kennis/id/rijksmonument/36899
Roswinkel|2006-03-25T13:55:51Z|1.7|2|25|41526||onroerend gebouwd|Boerderij||22.6|-1.6|buiten indicatief effectgebied|nee|https://monumentenregister.cultureelerfgoed.nl/monumenten/41526|https://linkeddata.cultureelerfgoed.nl/cho-kennis/id/rijksmonument/20297
Roswinkel|2006-03-25T13:55:51Z|1.7|2|25|37446||onroerend gebouwd|Boerderij||22.6|-1.6|buiten indicatief effectgebied|nee|https://monumentenregister.cultureelerfgoed.nl/monumenten/37446|https://linkeddata.cultureelerfgoed.nl/cho-kennis/id/rijksmonument/18269
Roswinkel|2006-03-25T13:55:51Z|1.7|2|25|41527||onroerend gebouwd|Boerderij||22.6|-1.6|buiten indicatief effectgebied|nee|https://monumentenregister.cultureelerfgoed.nl/monumenten/41527|https://linkeddata.cultureelerfgoed.nl/cho-kennis/id/rijksmonument/23325
Roswinkel|2006-03-25T13:55:51Z|1.7|2|25|41528||onroerend gebouwd|Boerderij||22.6|-1.6|buiten indicatief effectgebied|nee|https://monumentenregister.cultureelerfgoed.nl/monumenten/41528|https://linkeddata.cultureelerfgoed.nl/cho-kennis/id/rijksmonument/57072
Roswinkel|2006-03-25T13:55:51Z|1.7|2|25|41518||onroerend gebouwd|Molen||22.7|-1.6|buiten indicatief effectgebied|nee|https://monumentenregister.cultureelerfgoed.nl/monumenten/41518|https://linkeddata.cultureelerfgoed.nl/cho-kennis/id/rijksmonument/18987
Roswinkel|2006-03-25T13:55:51Z|1.7|2|25|516265||onroerend gebouwd|Boerderij|Woonhuis|22.8|-1.6|buiten indicatief effectgebied|nee|https://monumentenregister.cultureelerfgoed.nl/monumenten/516265|https://linkeddata.cultureelerfgoed.nl/cho-kennis/id/rijksmonument/50383
Roswinkel|2006-03-25T13:55:51Z|1.7|2|25|34176||onroerend gebouwd|Boerderij||22.9|-1.6|buiten indicatief effectgebied|nee|https://monumentenregister.cultureelerfgoed.nl/monumenten/34176|https://linkeddata.cultureelerfgoed.nl/cho-kennis/id/rijksmonument/12763
Roswinkel|2006-03-25T13:55:51Z|1.7|2|25|524296||onroerend gebouwd|Kerkhof||23.0|-1.6|buiten indicatief effectgebied|nee|https://monumentenregister.cultureelerfgoed.nl/monumenten/524296|https://linkeddata.cultureelerfgoed.nl/cho-kennis/id/rijksmonument/65472
Roswinkel|2006-03-25T13:55:51Z|1.7|2|25|15943||onroerend gebouwd|Boerderij||23.0|-1.6|buiten indicatief effectgebied|nee|https://monumentenregister.cultureelerfgoed.nl/monumenten/15943|https://linkeddata.cultureelerfgoed.nl/cho-kennis/id/rijksmonument/62092
Roswinkel|2006-03-25T13:55:51Z|1.7|2|25|15944||onroerend gebouwd|Boerderij||23.0|-1.6|buiten indicatief effectgebied|nee|https://monumentenregister.cultureelerfgoed.nl/monumenten/15944|https://linkeddata.cultureelerfgoed.nl/cho-kennis/id/rijksmonument/48066
Roswinkel|2006-03-25T13:55:51Z|1.7|2|25|15942||onroerend gebouwd|Kerk||23.0|-1.6|buiten indicatief effectgebied|nee|https://monumentenregister.cultureelerfgoed.nl/monumenten/15942|https://linkeddata.cultureelerfgoed.nl/cho-kennis/id/rijksmonument/65473
Roswinkel|2006-03-25T13:55:51Z|1.7|2|25|46560||onroerend gebouwd|Boerderij||23.0|-1.6|buiten indicatief effectgebied|nee|https://monumentenregister.cultureelerfgoed.nl/monumenten/46560|https://linkeddata.cultureelerfgoed.nl/cho-kennis/id/rijksmonument/30118
Roswinkel|2006-03-25T13:55:51Z|1.7|2|25|15945||onroerend gebouwd|Pastorie||23.1|-1.6|buiten indicatief effectgebied|nee|https://monumentenregister.cultureelerfgoed.nl/monumenten/15945|https://linkeddata.cultureelerfgoed.nl/cho-kennis/id/rijksmonument/18277
Roswinkel|2006-03-25T13:55:51Z|1.7|2|25|46614||onroerend gebouwd|Boerderij||23.3|-1.6|buiten indicatief effectgebied|nee|https://monumentenregister.cultureelerfgoed.nl/monumenten/46614|https://linkeddata.cultureelerfgoed.nl/cho-kennis/id/rijksmonument/39648
Roswinkel|2006-03-25T13:55:51Z|1.7|2|25|11511||onroerend gebouwd|Boerderij||23.3|-1.6|buiten indicatief effectgebied|nee|https://monumentenregister.cultureelerfgoed.nl/monumenten/11511|https://linkeddata.cultureelerfgoed.nl/cho-kennis/id/rijksmonument/14597
Roswinkel|2006-03-25T13:55:51Z|1.7|2|25|11510||onroerend gebouwd|Boerderij||23.3|-1.6|buiten indicatief effectgebied|nee|https://monumentenregister.cultureelerfgoed.nl/monumenten/11510|https://linkeddata.cultureelerfgoed.nl/cho-kennis/id/rijksmonument/19283
Roswinkel|2006-03-25T13:55:51Z|1.7|2|25|11637||onroerend gebouwd|Molen||23.3|-1.6|buiten indicatief effectgebied|nee|https://monumentenregister.cultureelerfgoed.nl/monumenten/11637|https://linkeddata.cultureelerfgoed.nl/cho-kennis/id/rijksmonument/18283
Roswinkel|2006-03-25T13:55:51Z|1.7|2|25|516266||onroerend gebouwd|Woonhuis|Woonhuis|23.4|-1.6|buiten indicatief effectgebied|nee|https://monumentenregister.cultureelerfgoed.nl/monumenten/516266|https://linkeddata.cultureelerfgoed.nl/cho-kennis/id/rijksmonument/12357
Roswinkel|2006-03-25T13:55:51Z|1.7|2|25|31630||onroerend gebouwd|Boerderij||23.5|-1.6|buiten indicatief effectgebied|nee|https://monumentenregister.cultureelerfgoed.nl/monumenten/31630|https://linkeddata.cultureelerfgoed.nl/cho-kennis/id/rijksmonument/54607
Roswinkel|2006-03-25T13:55:51Z|1.7|2|25|478197||onroerend gebouwd|Woonhuis||23.5|-1.6|buiten indicatief effectgebied|nee|https://monumentenregister.cultureelerfgoed.nl/monumenten/478197|https://linkeddata.cultureelerfgoed.nl/cho-kennis/id/rijksmonument/29889
Roswinkel|2006-03-25T13:55:51Z|1.7|2|25|516249|Eerste Verlaat/Springersverlaat|onroerend gebouwd|Schutsluis|Schutsluis|23.5|-1.6|buiten indicatief effectgebied|nee|https://monumentenregister.cultureelerfgoed.nl/monumenten/516249|https://linkeddata.cultureelerfgoed.nl/cho-kennis/id/rijksmonument/69729
Roswinkel|2006-03-25T13:55:51Z|1.7|2|25|478198||onroerend gebouwd|Boerderij||23.5|-1.6|buiten indicatief effectgebied|nee|https://monumentenregister.cultureelerfgoed.nl/monumenten/478198|https://linkeddata.cultureelerfgoed.nl/cho-kennis/id/rijksmonument/22009
Roswinkel|2006-03-25T13:55:51Z|1.7|2|25|478199||onroerend gebouwd|Boerderij||23.5|-1.6|buiten indicatief effectgebied|nee|https://monumentenregister.cultureelerfgoed.nl/monumenten/478199|https://linkeddata.cultureelerfgoed.nl/cho-kennis/id/rijksmonument/19541
Roswinkel|2006-03-25T13:55:51Z|1.7|2|25|31632||onroerend gebouwd|Kerk||23.5|-1.6|buiten indicatief effectgebied|nee|https://monumentenregister.cultureelerfgoed.nl/monumenten/31632|https://linkeddata.cultureelerfgoed.nl/cho-kennis/id/rijksmonument/61606
Roswinkel|2006-03-25T13:55:51Z|1.7|2|25|31633||onroerend gebouwd|Kerktoren||23.6|-1.6|buiten indicatief effectgebied|nee|https://monumentenregister.cultureelerfgoed.nl/monumenten/31633|https://linkeddata.cultureelerfgoed.nl/cho-kennis/id/rijksmonument/33986
Roswinkel|2006-03-25T13:55:51Z|1.7|2|25|11509||onroerend gebouwd|Omwalling||23.6|-1.6|buiten indicatief effectgebied|nee|https://monumentenregister.cultureelerfgoed.nl/monumenten/11509|https://linkeddata.cultureelerfgoed.nl/cho-kennis/id/rijksmonument/46219
Roswinkel|2006-03-25T13:55:51Z|1.7|2|25|46811||onroerend gebouwd|Boerderij||23.6|-1.6|buiten indicatief effectgebied|nee|https://monumentenregister.cultureelerfgoed.nl/monumenten/46811|https://linkeddata.cultureelerfgoed.nl/cho-kennis/id/rijksmonument/36708
Roswinkel|2006-03-25T13:55:51Z|1.7|2|25|31631||onroerend gebouwd|Boerderij||23.6|-1.6|buiten indicatief effectgebied|nee|https://monumentenregister.cultureelerfgoed.nl/monumenten/31631|https://linkeddata.cultureelerfgoed.nl/cho-kennis/id/rijksmonument/10440
Roswinkel|2006-03-25T13:55:51Z|1.7|2|25|479516||onroerend gebouwd|Schuur||23.6|-1.6|buiten indicatief effectgebied|nee|https://monumentenregister.cultureelerfgoed.nl/monumenten/479516|https://linkeddata.cultureelerfgoed.nl/cho-kennis/id/rijksmonument/78291
Roswinkel|2006-03-25T13:55:51Z|1.7|2|25|479515||onroerend gebouwd|Boerderij||23.6|-1.6|buiten indicatief effectgebied|nee|https://monumentenregister.cultureelerfgoed.nl/monumenten/479515|https://linkeddata.cultureelerfgoed.nl/cho-kennis/id/rijksmonument/78292
Roswinkel|2006-03-25T13:55:51Z|1.7|2|25|31635||onroerend gebouwd|Boerderij||23.7|-1.6|buiten indicatief effectgebied|nee|https://monumentenregister.cultureelerfgoed.nl/monumenten/31635|https://linkeddata.cultureelerfgoed.nl/cho-kennis/id/rijksmonument/25713
Roswinkel|2006-03-25T13:55:51Z|1.7|2|25|37465||onroerend gebouwd|Boerderij||23.7|-1.6|buiten indicatief effectgebied|nee|https://monumentenregister.cultureelerfgoed.nl/monumenten/37465|https://linkeddata.cultureelerfgoed.nl/cho-kennis/id/rijksmonument/10612
Roswinkel|2006-03-25T13:55:51Z|1.7|2|25|478331||onroerend gebouwd|Boerderij||23.7|-1.6|buiten indicatief effectgebied|nee|https://monumentenregister.cultureelerfgoed.nl/monumenten/478331|https://linkeddata.cultureelerfgoed.nl/cho-kennis/id/rijksmonument/61195
Roswinkel|2006-03-25T13:55:51Z|1.7|2|25|468595||onroerend gebouwd|Bijschuur||23.8|-1.6|buiten indicatief effectgebied|nee|https://monumentenregister.cultureelerfgoed.nl/monumenten/468595|https://linkeddata.cultureelerfgoed.nl/cho-kennis/id/rijksmonument/69907
Roswinkel|2006-03-25T13:55:51Z|1.7|2|25|468594||onroerend gebouwd|Boerderij||23.8|-1.6|buiten indicatief effectgebied|nee|https://monumentenregister.cultureelerfgoed.nl/monumenten/468594|https://linkeddata.cultureelerfgoed.nl/cho-kennis/id/rijksmonument/69908
Roswinkel|2006-03-25T13:55:51Z|1.7|2|25|468596||onroerend gebouwd|Varkensstal||23.8|-1.6|buiten indicatief effectgebied|nee|https://monumentenregister.cultureelerfgoed.nl/monumenten/468596|https://linkeddata.cultureelerfgoed.nl/cho-kennis/id/rijksmonument/69906
Roswinkel|2006-03-25T13:55:51Z|1.7|2|25|46558||onroerend gebouwd|Boerderij||23.9|-1.6|buiten indicatief effectgebied|nee|https://monumentenregister.cultureelerfgoed.nl/monumenten/46558|https://linkeddata.cultureelerfgoed.nl/cho-kennis/id/rijksmonument/10299
Roswinkel|2006-03-25T13:55:51Z|1.7|2|25|34177||onroerend gebouwd|Boerderij||23.9|-1.6|buiten indicatief effectgebied|nee|https://monumentenregister.cultureelerfgoed.nl/monumenten/34177|https://linkeddata.cultureelerfgoed.nl/cho-kennis/id/rijksmonument/26249
Roswinkel|2006-03-25T13:55:51Z|1.7|2|25|41531||onroerend gebouwd|Boerderij||24.0|-1.6|buiten indicatief effectgebied|nee|https://monumentenregister.cultureelerfgoed.nl/monumenten/41531|https://linkeddata.cultureelerfgoed.nl/cho-kennis/id/rijksmonument/56873
Roswinkel|2006-03-25T13:55:51Z|1.7|2|25|468584||onroerend gebouwd|Boerderij||24.3|-1.6|buiten indicatief effectgebied|nee|https://monumentenregister.cultureelerfgoed.nl/monumenten/468584|https://linkeddata.cultureelerfgoed.nl/cho-kennis/id/rijksmonument/58323
Roswinkel|2006-03-25T13:55:51Z|1.7|2|25|44562||onroerend gebouwd|Molen||24.4|-1.6|buiten indicatief effectgebied|nee|https://monumentenregister.cultureelerfgoed.nl/monumenten/44562|https://linkeddata.cultureelerfgoed.nl/cho-kennis/id/rijksmonument/54742
Roswinkel|2006-03-25T13:55:51Z|1.7|2|25|34178||onroerend gebouwd|Boerderij||24.4|-1.6|buiten indicatief effectgebied|nee|https://monumentenregister.cultureelerfgoed.nl/monumenten/34178|https://linkeddata.cultureelerfgoed.nl/cho-kennis/id/rijksmonument/24062
Roswinkel|2006-03-25T13:55:51Z|1.7|2|25|510865||onroerend gebouwd|Boerderij||24.5|-1.6|buiten indicatief effectgebied|nee|https://monumentenregister.cultureelerfgoed.nl/monumenten/510865|https://linkeddata.cultureelerfgoed.nl/cho-kennis/id/rijksmonument/53922
Roswinkel|2006-03-25T13:55:51Z|1.7|2|25|510857||onroerend gebouwd|Boerderij||24.6|-1.6|buiten indicatief effectgebied|nee|https://monumentenregister.cultureelerfgoed.nl/monumenten/510857|https://linkeddata.cultureelerfgoed.nl/cho-kennis/id/rijksmonument/10605
Roswinkel|2006-03-25T13:55:51Z|1.7|2|25|11634||onroerend gebouwd|Kerk||24.6|-1.6|buiten indicatief effectgebied|nee|https://monumentenregister.cultureelerfgoed.nl/monumenten/11634|https://linkeddata.cultureelerfgoed.nl/cho-kennis/id/rijksmonument/37458
Roswinkel|2006-03-25T13:55:51Z|1.7|2|25|11635||onroerend gebouwd|Kerktoren||24.6|-1.6|buiten indicatief effectgebied|nee|https://monumentenregister.cultureelerfgoed.nl/monumenten/11635|https://linkeddata.cultureelerfgoed.nl/cho-kennis/id/rijksmonument/48675
Roswinkel|2006-03-25T13:55:51Z|1.7|2|25|468587||onroerend gebouwd|Boerderij||24.6|-1.6|buiten indicatief effectgebied|nee|https://monumentenregister.cultureelerfgoed.nl/monumenten/468587|https://linkeddata.cultureelerfgoed.nl/cho-kennis/id/rijksmonument/43682
Roswinkel|2006-03-25T13:55:51Z|1.7|2|25|468585||onroerend gebouwd|Woonhuis||24.6|-1.6|buiten indicatief effectgebied|nee|https://monumentenregister.cultureelerfgoed.nl/monumenten/468585|https://linkeddata.cultureelerfgoed.nl/cho-kennis/id/rijksmonument/43781
Roswinkel|2006-03-25T13:55:51Z|1.7|2|25|468586||onroerend gebouwd|Woonhuis||24.7|-1.6|buiten indicatief effectgebied|nee|https://monumentenregister.cultureelerfgoed.nl/monumenten/468586|https://linkeddata.cultureelerfgoed.nl/cho-kennis/id/rijksmonument/44853
Roswinkel|2006-03-25T13:55:51Z|1.7|2|25|516228||onroerend gebouwd|Begraafplaats|Begraafplaats|24.8|-1.6|buiten indicatief effectgebied|nee|https://monumentenregister.cultureelerfgoed.nl/monumenten/516228|https://linkeddata.cultureelerfgoed.nl/cho-kennis/id/rijksmonument/73428
Roswinkel|2006-03-25T13:55:51Z|1.7|2|25|516230||onroerend gebouwd|Beheerderswoning|Beheerderswoning|24.8|-1.6|buiten indicatief effectgebied|nee|https://monumentenregister.cultureelerfgoed.nl/monumenten/516230|https://linkeddata.cultureelerfgoed.nl/cho-kennis/id/rijksmonument/73426
Roswinkel|2006-03-25T13:55:51Z|1.7|2|25|516229||onroerend gebouwd|Laan|Laan|24.8|-1.6|buiten indicatief effectgebied|nee|https://monumentenregister.cultureelerfgoed.nl/monumenten/516229|https://linkeddata.cultureelerfgoed.nl/cho-kennis/id/rijksmonument/73427
Roswinkel|2006-03-25T13:55:51Z|1.7|2|25|516231||onroerend gebouwd|Bijschuur|Bijschuur|24.8|-1.6|buiten indicatief effectgebied|nee|https://monumentenregister.cultureelerfgoed.nl/monumenten/516231|https://linkeddata.cultureelerfgoed.nl/cho-kennis/id/rijksmonument/73425
Roswinkel|2006-03-25T13:55:51Z|1.7|2|25|37469||onroerend gebouwd|Straatmeubilair||24.9|-1.7|buiten indicatief effectgebied|nee|https://monumentenregister.cultureelerfgoed.nl/monumenten/37469|https://linkeddata.cultureelerfgoed.nl/cho-kennis/id/rijksmonument/55065
Roswinkel|2006-03-25T13:55:51Z|1.7|2|25|46557||onroerend gebouwd|Boerderij||24.9|-1.7|buiten indicatief effectgebied|nee|https://monumentenregister.cultureelerfgoed.nl/monumenten/46557|https://linkeddata.cultureelerfgoed.nl/cho-kennis/id/rijksmonument/55415
Roswinkel|2006-03-25T13:55:51Z|1.7|2|25|30435||onroerend gebouwd|Molen||25.0|-1.7|buiten indicatief effectgebied|nee|https://monumentenregister.cultureelerfgoed.nl/monumenten/30435|https://linkeddata.cultureelerfgoed.nl/cho-kennis/id/rijksmonument/18400
Roswinkel|2006-03-25T13:55:51Z|1.7|2|25|45390||archeologisch|Archeologie||7.3|-0.8|buiten indicatief effectgebied|nee|https://monumentenregister.cultureelerfgoed.nl/monumenten/45390|https://linkeddata.cultureelerfgoed.nl/cho-kennis/id/rijksmonument/42988
Roswinkel|2006-03-25T13:55:51Z|1.7|2|25|45378||archeologisch|Archeologie||8.5|-0.9|buiten indicatief effectgebied|nee|https://monumentenregister.cultureelerfgoed.nl/monumenten/45378|https://linkeddata.cultureelerfgoed.nl/cho-kennis/id/rijksmonument/28042
Roswinkel|2006-03-25T13:55:51Z|1.7|2|25|45377||archeologisch|Archeologie||8.6|-0.9|buiten indicatief effectgebied|nee|https://monumentenregister.cultureelerfgoed.nl/monumenten/45377|https://linkeddata.cultureelerfgoed.nl/cho-kennis/id/rijksmonument/11630
Roswinkel|2006-03-25T13:55:51Z|1.7|2|25|45379||archeologisch|Archeologie||8.7|-0.9|buiten indicatief effectgebied|nee|https://monumentenregister.cultureelerfgoed.nl/monumenten/45379|https://linkeddata.cultureelerfgoed.nl/cho-kennis/id/rijksmonument/30866
Roswinkel|2006-03-25T13:55:51Z|1.7|2|25|45376||archeologisch|Archeologie||9.1|-0.9|buiten indicatief effectgebied|nee|https://monumentenregister.cultureelerfgoed.nl/monumenten/45376|https://linkeddata.cultureelerfgoed.nl/cho-kennis/id/rijksmonument/17270
Roswinkel|2006-03-25T13:55:51Z|1.7|2|25|45391||archeologisch|Archeologie||9.1|-0.9|buiten indicatief effectgebied|nee|https://monumentenregister.cultureelerfgoed.nl/monumenten/45391|https://linkeddata.cultureelerfgoed.nl/cho-kennis/id/rijksmonument/60962
Roswinkel|2006-03-25T13:55:51Z|1.7|2|25|45375||archeologisch|Archeologie||9.2|-1.0|buiten indicatief effectgebied|nee|https://monumentenregister.cultureelerfgoed.nl/monumenten/45375|https://linkeddata.cultureelerfgoed.nl/cho-kennis/id/rijksmonument/58073
Roswinkel|2006-03-25T13:55:51Z|1.7|2|25|45382||archeologisch|Archeologie||9.3|-1.0|buiten indicatief effectgebied|nee|https://monumentenregister.cultureelerfgoed.nl/monumenten/45382|https://linkeddata.cultureelerfgoed.nl/cho-kennis/id/rijksmonument/31776
Roswinkel|2006-03-25T13:55:51Z|1.7|2|25|45381||archeologisch|Archeologie||9.5|-1.0|buiten indicatief effectgebied|nee|https://monumentenregister.cultureelerfgoed.nl/monumenten/45381|https://linkeddata.cultureelerfgoed.nl/cho-kennis/id/rijksmonument/42332
Roswinkel|2006-03-25T13:55:51Z|1.7|2|25|45380||archeologisch|Archeologie||9.5|-1.0|buiten indicatief effectgebied|nee|https://monumentenregister.cultureelerfgoed.nl/monumenten/45380|https://linkeddata.cultureelerfgoed.nl/cho-kennis/id/rijksmonument/47003
Roswinkel|2006-03-25T13:55:51Z|1.7|2|25|45389||archeologisch|Archeologie||10.1|-1.0|buiten indicatief effectgebied|nee|https://monumentenregister.cultureelerfgoed.nl/monumenten/45389|https://linkeddata.cultureelerfgoed.nl/cho-kennis/id/rijksmonument/17659
Roswinkel|2006-03-25T13:55:51Z|1.7|2|25|45374||archeologisch|Archeologie||10.2|-1.0|buiten indicatief effectgebied|nee|https://monumentenregister.cultureelerfgoed.nl/monumenten/45374|https://linkeddata.cultureelerfgoed.nl/cho-kennis/id/rijksmonument/10337
Roswinkel|2006-03-25T13:55:51Z|1.7|2|25|45385||archeologisch|Archeologie||10.5|-1.0|buiten indicatief effectgebied|nee|https://monumentenregister.cultureelerfgoed.nl/monumenten/45385|https://linkeddata.cultureelerfgoed.nl/cho-kennis/id/rijksmonument/46238
Roswinkel|2006-03-25T13:55:51Z|1.7|2|25|45027||archeologisch|Archeologie||10.6|-1.1|buiten indicatief effectgebied|nee|https://monumentenregister.cultureelerfgoed.nl/monumenten/45027|https://linkeddata.cultureelerfgoed.nl/cho-kennis/id/rijksmonument/25347
Roswinkel|2006-03-25T13:55:51Z|1.7|2|25|45383||archeologisch|Archeologie||10.7|-1.1|buiten indicatief effectgebied|nee|https://monumentenregister.cultureelerfgoed.nl/monumenten/45383|https://linkeddata.cultureelerfgoed.nl/cho-kennis/id/rijksmonument/35258
Roswinkel|2006-03-25T13:55:51Z|1.7|2|25|45388||archeologisch|Archeologie||10.7|-1.1|buiten indicatief effectgebied|nee|https://monumentenregister.cultureelerfgoed.nl/monumenten/45388|https://linkeddata.cultureelerfgoed.nl/cho-kennis/id/rijksmonument/11768
Roswinkel|2006-03-25T13:55:51Z|1.7|2|25|45386||archeologisch|Archeologie||10.7|-1.1|buiten indicatief effectgebied|nee|https://monumentenregister.cultureelerfgoed.nl/monumenten/45386|https://linkeddata.cultureelerfgoed.nl/cho-kennis/id/rijksmonument/10986
Roswinkel|2006-03-25T13:55:51Z|1.7|2|25|45387||archeologisch|Archeologie||10.8|-1.1|buiten indicatief effectgebied|nee|https://monumentenregister.cultureelerfgoed.nl/monumenten/45387|https://linkeddata.cultureelerfgoed.nl/cho-kennis/id/rijksmonument/22283
Roswinkel|2006-03-25T13:55:51Z|1.7|2|25|45384||archeologisch|Archeologie||10.8|-1.1|buiten indicatief effectgebied|nee|https://monumentenregister.cultureelerfgoed.nl/monumenten/45384|https://linkeddata.cultureelerfgoed.nl/cho-kennis/id/rijksmonument/48072
Roswinkel|2006-03-25T13:55:51Z|1.7|2|25|45372||archeologisch|Archeologie||11.2|-1.1|buiten indicatief effectgebied|nee|https://monumentenregister.cultureelerfgoed.nl/monumenten/45372|https://linkeddata.cultureelerfgoed.nl/cho-kennis/id/rijksmonument/10525
Roswinkel|2006-03-25T13:55:51Z|1.7|2|25|45373||archeologisch|Archeologie||11.2|-1.1|buiten indicatief effectgebied|nee|https://monumentenregister.cultureelerfgoed.nl/monumenten/45373|https://linkeddata.cultureelerfgoed.nl/cho-kennis/id/rijksmonument/27917
Roswinkel|2006-03-25T13:55:51Z|1.7|2|25|45371||archeologisch|Archeologie||11.3|-1.1|buiten indicatief effectgebied|nee|https://monumentenregister.cultureelerfgoed.nl/monumenten/45371|https://linkeddata.cultureelerfgoed.nl/cho-kennis/id/rijksmonument/55813
Roswinkel|2006-03-25T13:55:51Z|1.7|2|25|452870|Odoorn|archeologisch|Archeologie||11.6|-1.1|buiten indicatief effectgebied|nee|https://monumentenregister.cultureelerfgoed.nl/monumenten/452870|https://linkeddata.cultureelerfgoed.nl/cho-kennis/id/rijksmonument/29745
Roswinkel|2006-03-25T13:55:51Z|1.7|2|25|527157||archeologisch|Archeologie||12.1|-1.1|buiten indicatief effectgebied|nee|https://monumentenregister.cultureelerfgoed.nl/monumenten/527157|https://linkeddata.cultureelerfgoed.nl/cho-kennis/id/rijksmonument/22292
Roswinkel|2006-03-25T13:55:51Z|1.7|2|25|45369||archeologisch|Archeologie||12.3|-1.2|buiten indicatief effectgebied|nee|https://monumentenregister.cultureelerfgoed.nl/monumenten/45369|https://linkeddata.cultureelerfgoed.nl/cho-kennis/id/rijksmonument/19031
Roswinkel|2006-03-25T13:55:51Z|1.7|2|25|45370||archeologisch|Archeologie||12.6|-1.2|buiten indicatief effectgebied|nee|https://monumentenregister.cultureelerfgoed.nl/monumenten/45370|https://linkeddata.cultureelerfgoed.nl/cho-kennis/id/rijksmonument/11334
Roswinkel|2006-03-25T13:55:51Z|1.7|2|25|467493||archeologisch|Archeologie||14.7|-1.3|buiten indicatief effectgebied|nee|https://monumentenregister.cultureelerfgoed.nl/monumenten/467493|https://linkeddata.cultureelerfgoed.nl/cho-kennis/id/rijksmonument/50915
Roswinkel|2006-03-25T13:55:51Z|1.7|2|25|46002||archeologisch|Archeologie||17.3|-1.4|buiten indicatief effectgebied|nee|https://monumentenregister.cultureelerfgoed.nl/monumenten/46002|https://linkeddata.cultureelerfgoed.nl/cho-kennis/id/rijksmonument/29383
Roswinkel|2006-03-25T13:55:51Z|1.7|2|25|46000||archeologisch|Archeologie||17.7|-1.4|buiten indicatief effectgebied|nee|https://monumentenregister.cultureelerfgoed.nl/monumenten/46000|https://linkeddata.cultureelerfgoed.nl/cho-kennis/id/rijksmonument/23648
Roswinkel|2006-03-25T13:55:51Z|1.7|2|25|46001||archeologisch|Archeologie||17.8|-1.4|buiten indicatief effectgebied|nee|https://monumentenregister.cultureelerfgoed.nl/monumenten/46001|https://linkeddata.cultureelerfgoed.nl/cho-kennis/id/rijksmonument/13637
Roswinkel|2006-03-25T13:55:51Z|1.7|2|25|45999||archeologisch|Archeologie||18.1|-1.4|buiten indicatief effectgebied|nee|https://monumentenregister.cultureelerfgoed.nl/monumenten/45999|https://linkeddata.cultureelerfgoed.nl/cho-kennis/id/rijksmonument/57649
Roswinkel|2006-03-25T13:55:51Z|1.7|2|25|45998||archeologisch|Archeologie||18.1|-1.4|buiten indicatief effectgebied|nee|https://monumentenregister.cultureelerfgoed.nl/monumenten/45998|https://linkeddata.cultureelerfgoed.nl/cho-kennis/id/rijksmonument/22190
Roswinkel|2006-03-25T13:55:51Z|1.7|2|25|464166||archeologisch|Archeologie||18.6|-1.4|buiten indicatief effectgebied|nee|https://monumentenregister.cultureelerfgoed.nl/monumenten/464166|https://linkeddata.cultureelerfgoed.nl/cho-kennis/id/rijksmonument/45233
Roswinkel|2006-03-25T13:55:51Z|1.7|2|25|421090|Borger|archeologisch|Archeologie||19.5|-1.5|buiten indicatief effectgebied|nee|https://monumentenregister.cultureelerfgoed.nl/monumenten/421090|https://linkeddata.cultureelerfgoed.nl/cho-kennis/id/rijksmonument/28799
Roswinkel|2006-03-25T13:55:51Z|1.7|2|25|467478||archeologisch|Archeologie||20.2|-1.5|buiten indicatief effectgebied|nee|https://monumentenregister.cultureelerfgoed.nl/monumenten/467478|https://linkeddata.cultureelerfgoed.nl/cho-kennis/id/rijksmonument/23307
Roswinkel|2006-03-25T13:55:51Z|1.7|2|25|464156||archeologisch|Archeologie||20.4|-1.5|buiten indicatief effectgebied|nee|https://monumentenregister.cultureelerfgoed.nl/monumenten/464156|https://linkeddata.cultureelerfgoed.nl/cho-kennis/id/rijksmonument/10915
Roswinkel|2006-03-25T13:55:51Z|1.7|2|25|464145||archeologisch|Archeologie||21.6|-1.6|buiten indicatief effectgebied|nee|https://monumentenregister.cultureelerfgoed.nl/monumenten/464145|https://linkeddata.cultureelerfgoed.nl/cho-kennis/id/rijksmonument/26054
Roswinkel|2006-03-25T13:55:51Z|1.7|2|25|467484||archeologisch|Archeologie||21.7|-1.6|buiten indicatief effectgebied|nee|https://monumentenregister.cultureelerfgoed.nl/monumenten/467484|https://linkeddata.cultureelerfgoed.nl/cho-kennis/id/rijksmonument/53764
Roswinkel|2006-03-25T13:55:51Z|1.7|2|25|341029||archeologisch|Archeologie||23.3|-1.6|buiten indicatief effectgebied|nee|https://monumentenregister.cultureelerfgoed.nl/monumenten/341029|https://linkeddata.cultureelerfgoed.nl/cho-kennis/id/rijksmonument/59201
Roswinkel|2006-03-25T13:55:51Z|1.7|2|25|341350||archeologisch|Archeologie||23.5|-1.6|buiten indicatief effectgebied|nee|https://monumentenregister.cultureelerfgoed.nl/monumenten/341350|https://linkeddata.cultureelerfgoed.nl/cho-kennis/id/rijksmonument/56353